Date,Open,High,Low,Volume,Adj Close,Volume money
2011-9-28,35.75,35.75,35.5,2008,35.68,71642.64
2011-9-29,35.24,36,35.18,653,35.9,23341.33
2011-9-30,35.87,36.17,35.72,560,35.98,20119.41
2011-10-3,35.22,35.41,34.81,231.04,34.88,8106.065
2011-10-4,34.53,35.3,34.46,87,35.3,3027.54
2011-10-5,35.3,35.35,34.99,106,34.99,3725.78
2011-10-6,35.31,35.81,35.31,119,35.68,4235.51
2011-10-7,36.11,36.21,35.89,296,36.04,10673.89
2011-10-11,36.9,37,36.77,194,37,7171.83
2011-10-12,36.96,37.17,36.77,201.11,36.97,7436.883
2011-10-13,37.3,37.3,36.91,108.01,37.08,4006.32
2011-10-14,36.88,36.99,36.82,106.2,36.82,3917.63
2011-10-17,37.29,37.42,37.11,284,37.3,10579.45
2011-10-18,36.81,36.9,36.6,595.1,36.77,21845.727
2011-10-19,36.8,36.81,36.56,1080,36.58,39507.94
2011-10-20,36.68,36.79,36.1,128,36.12,4666.51
2011-10-21,36.12,36.2,35.99,150,36.18,5411.53
2011-10-24,36.88,37.42,36.86,531,37.42,19790.92
2011-10-25,37.5,37.57,37.38,101,37.48,3782.69
2011-10-26,37.13,37.75,37.13,100,37.72,3744
2011-10-27,37.69,37.98,37.56,115,37.91,4350.38
2011-10-28,38.8,38.8,38.08,110,38.17,4228.87
2011-10-31,38.3,38.42,37.83,103,37.83,3916.57
2011-11-1,37.89,38.32,37.67,105,38.14,4002.34
2011-11-2,37.47,38.11,37.36,108,38.11,4074.85
2011-11-3,37.77,37.8,37.3,102.1,37.32,3826.33
2011-11-4,37.9,38.29,37.9,104,38.1,3964.8
2011-11-7,38.15,38.26,38,102.05,38.17,3895.978
2011-11-8,38.2,38.47,37.94,106,37.98,4041.87
2011-11-9,38.27,38.32,37.87,118.01,37.93,4496.828
2011-11-10,37.02,37.22,36.45,189.001,36.64,6951.636
2011-11-11,36.61,36.87,36.42,140.3,36.75,5150.755
2011-11-14,37.46,37.7,37.45,166,37.66,6246.65
2011-11-15,37.71,37.71,37.4,107,37.44,4011.54
2011-11-16,37.76,37.76,36.83,138,36.83,5122.41
2011-11-17,36.5,36.9,36.42,112,36.88,4109.45
2011-11-18,36.4,36.55,36.2,104,36.51,3785.14
2011-11-21,35.8,35.85,35.29,104,35.29,3689.96
2011-11-22,35.43,35.43,34.9,102,35.1,3593.34
2011-11-23,34.9,34.9,34.06,701,34.06,24043.89
2011-11-24,34.15,35,33.87,1272,34.25,43476.87
2011-11-25,34.46,34.74,33.7,984,33.97,33629.08
2011-11-28,34.42,34.57,34.3,532,34.57,18307.08
2011-11-29,34.94,34.99,34.59,444.004,34.99,15397.33
2011-11-30,34.7,34.73,34.23,471,34.38,16216.87
2011-12-1,35.86,36.24,35.73,158,36.08,5689.34
2011-12-2,36.08,36.08,35.67,215,35.86,7691.26
2011-12-5,35.77,35.82,35.39,304,35.73,10794.12
2011-12-6,35.35,35.35,34.87,97,34.87,3406
2011-12-7,35.22,35.32,35.09,115,35.21,4049.81
2011-12-8,35.01,35.01,34.63,128,34.89,4453.42
2011-12-9,34.19,34.69,34.17,103.01,34.52,3548.713
2011-12-12,34.9,35.09,34.75,480,34.77,16711.48
2011-12-13,34.35,34.63,34.27,145,34.54,4993.12
2011-12-14,34.45,34.62,34.36,192,34.62,6625.61
2011-12-15,34.15,34.22,33.9,103,33.92,3504.86
2011-12-16,33.87,34.03,33.78,160,33.97,5432.01
2011-12-19,33.51,33.65,33.13,213,33.19,7102.78
2011-12-20,33.45,33.48,33.33,102,33.36,3408.57
2011-12-21,34.32,34.79,34.32,117,34.78,4058.26
2011-12-22,34.84,34.86,34.75,105,34.84,3655.57
2011-12-23,35.32,35.62,35.3,101,35.56,3582.97
2011-12-26,35.57,35.57,35.43,113,35.53,4011.93
2011-12-27,35.52,35.55,35.3,113,35.45,4000.93
2011-12-28,35.3,35.43,35.22,103,35.35,3642.17
2011-12-29,35.08,35.41,35.08,229,35.37,8092.16
2011-12-30,35.72,35.73,35.37,104,35.38,3690.95
2012-1-2,35.22,35.22,34.8,115,34.88,4022.25
2012-1-3,35.06,35.42,35.04,79,35.31,2783.48
2012-1-4,35.41,35.52,35.27,115.11,35.38,4072.331
2012-1-5,35.48,35.53,35.37,94,35.53,3332.69
2012-1-6,35.5,35.57,35.4,89,35.45,3158.16
2012-1-9,35.36,35.37,35.26,93,35.31,3285.28
2012-1-10,35.67,35.91,35.67,88,35.88,3153.86
2012-1-11,35.96,35.96,35.92,24,35.93,862.44
2012-1-12,35.98,35.98,35.9,28,35.95,1006.8
2012-1-13,36.34,36.34,35.87,32,35.88,1153.25
2012-1-16,36.11,36.11,35.49,49,35.58,1750.63
2012-1-17,35.76,36.09,35.76,24,36.09,862.72
2012-1-18,36.09,36.22,36.09,92,36.14,3326.81
2012-1-30,36.94,37.22,36.94,51,37.07,1893.74
2012-1-31,37.19,37.53,37.19,18,37.28,671.68
2012-2-1,37.48,37.7,37.48,83,37.68,3120.47
2012-2-2,38.02,38.1,37.84,261,38.1,9924.94
2012-2-3,38.1,38.17,37.97,29,38.17,1103.23
2012-2-4,38.49,38.7,38.45,18,38.7,693.24
2012-2-6,38.46,38.5,38.34,317,38.37,12179.77
2012-2-7,38.46,38.55,38.3,322,38.48,12387.42
2012-2-8,38.8,39.27,38.8,594,39.27,23202.15
2012-2-9,39.21,39.31,39.19,46.005,39.31,1803.342
2012-2-10,39.41,39.5,39.25,399,39.27,15675.3
2012-2-13,39.17,39.56,39.17,414,39.56,16335.46
2012-2-14,39.28,39.34,38.96,531,39.21,20781.77
2012-2-15,39.47,39.92,39.4,531,39.92,21134.05
2012-2-16,39.78,39.78,39.26,541.001,39.26,21374.998
2012-2-17,39.96,39.96,38.1,453,39.51,17825.63
2012-2-20,39.85,39.85,39.6,7,39.71,277.73
2012-2-21,39.57,39.57,39.25,520,39.5,20459.31
2012-2-22,39.86,40.01,39.82,474,39.93,18929.14
2012-2-23,39.71,39.72,39.64,121,39.64,4803.94
2012-2-24,39.59,39.62,39.32,507,39.58,20008.16
2012-2-29,40.15,40.4,40.11,542.005,40.38,21873.834
2012-3-1,40.52,40.75,40.52,20,40.75,812.25
2012-3-2,40.75,40.77,40.6,271,40.61,11028.21
2012-3-3,40.48,40.49,40.44,6,40.49,242.83
2012-3-5,40.04,40.06,39.94,74,39.94,2963.62
2012-3-6,39.73,39.73,39.3,68,39.33,2681.85
2012-3-7,39.29,39.47,39.29,14,39.3,551.03
2012-3-8,39.52,39.82,39.44,7,39.82,276.75
2012-3-9,39.66,39.96,39.66,20,39.86,795.26
2012-3-12,39.78,39.78,39.49,22,39.52,871.72
2012-3-13,39.92,40.08,39.92,47,40,1881.06
2012-3-14,40.68,40.68,40.68,4.005,40.68,162.906
2012-3-15,40.54,40.54,40.48,4,40.48,162.01
2012-3-16,40.34,40.36,40.34,11,40.36,443.76
2012-3-19,40.07,40.07,39.89,11,39.9,439.42
2012-3-20,39.73,39.82,39.73,6,39.74,238.51
2012-3-21,39.84,39.84,39.66,9,39.67,357.87
2012-3-22,40.19,40.26,40.18,20,40.26,803.91
2012-3-23,40.29,40.29,40.16,3,40.16,120.61
2012-3-26,39.59,39.62,39.59,2,39.62,79.21
2012-3-27,39.8,39.82,39.77,21,39.82,835.82
2012-3-28,40.15,40.15,40.15,1,40.15,40.15
2012-3-29,39.54,39.54,38.99,17,39.09,665.19
2012-3-30,39,39.07,38.98,5,39.07,195.03
2012-4-2,39.28,39.28,39.09,6,39.22,235.33
2012-4-3,39.22,39.22,38.59,16,38.59,620.95
2012-4-5,38.02,38.15,37.64,11,38.15,417.15
2012-4-6,38.01,38.17,38.01,3,38.17,114.29
2012-4-9,37.53,37.82,37.43,5,37.82,188.11
2012-4-10,38.17,38.17,37.93,38,37.93,1449.98
2012-4-11,38.04,38.04,38.04,1,38.04,38.04
2012-4-12,37.99,38.05,37.85,36,38.05,1367.56
2012-4-13,38.58,38.58,38.45,5,38.45,192.38
2012-4-16,38.3,38.41,38.3,3,38.41,115.01
2012-4-17,38.09,38.09,37.82,3,37.89,113.8
2012-4-18,38.05,38.05,38.05,1,38.05,38.05
2012-4-19,37.56,37.83,37.56,39,37.83,1465.11
2012-4-20,37.76,37.88,37.49,1034,37.5,39009.5
2012-4-23,37.3,37.31,37.04,541,37.2,20130.61
2012-4-24,37.52,37.52,37.18,7,37.18,260.93
2012-4-26,37.7,37.7,37.49,81,37.49,3040.89
2012-4-27,37.25,37.25,37.24,2,37.24,74.49
2012-4-30,37.02,37.02,37,2,37,74.02
2012-5-2,37.42,38.09,37.42,6,38.09,226.67
2012-5-3,38.14,38.14,38.14,1,38.14,38.14
2012-5-4,37.8,38.14,37.8,2,38.14,75.94
2012-5-7,37.62,37.62,37.37,31,37.37,1159.67
2012-5-8,37.37,37.41,37.36,218,37.41,8146.53
2012-5-9,36.99,37.09,36.99,5,37.09,185.11
2012-5-10,37.08,37.08,37.08,1,37.08,37.08
2012-5-11,36.83,36.83,36.68,45,36.71,1653.36
2012-5-14,36.57,36.57,36.57,1,36.57,36.57
2012-5-15,36.42,36.73,36.36,18,36.73,655.58
2012-5-16,36.64,36.64,36.6,2,36.6,73.24
2012-5-17,36.34,36.34,36.34,6,36.34,218.04
2012-5-18,35.73,35.73,35.52,13,35.52,462.27
2012-5-21,35.84,35.86,35.84,3,35.86,107.54
2012-5-22,35.9,36.05,35.9,5,36.05,180.08
2012-5-23,35.65,35.65,35.44,10,35.45,354.92
2012-5-24,35.65,35.66,35.29,9,35.29,320.18
2012-5-25,35.42,35.42,35.16,15,35.26,528.66
2012-5-28,35.15,35.49,35,8,35.46,282.07
2012-5-29,36.23,36.45,36.15,427,36.45,15469.08
2012-5-30,36.13,36.13,35.92,5,36.04,180.2
2012-5-31,35.5,35.88,35.34,10,35.88,355.68
2012-6-1,35.57,35.6,35.34,13,35.34,461.85
2012-6-4,34.35,34.39,34.13,68,34.2,2327.14
2012-6-5,34.65,34.81,34.65,13,34.74,451.68
2012-6-6,34.76,35.08,34.76,4,35.06,139.94
2012-6-7,35.34,35.34,35.08,21,35.08,741.3
2012-6-8,34.83,34.85,34.62,7,34.66,243.25
2012-6-11,35.32,35.47,35.23,8,35.23,283.13
2012-6-12,34.85,34.98,34.81,7,34.98,244.25
2012-6-13,35.09,35.15,34.9,287,34.98,10040.36
2012-6-14,35.15,35.35,35.1,57,35.2,2002.3
2012-6-15,35.16,35.56,35.16,4,35.56,141.49
2012-6-18,36.42,36.42,36.19,335,36.2,12145.31
2012-6-19,36.13,36.14,36.1,4,36.1,144.5
2012-6-20,36.37,36.37,36.34,1275,36.35,46352.32
2012-6-21,36.29,36.29,36.1,4,36.14,144.82
2012-6-22,35.62,35.62,35.56,3,35.59,106.77
2012-6-25,35.32,35.32,35.25,2,35.25,70.57
2012-6-26,35.25,35.25,35.18,5,35.18,176.18
2012-6-27,35.43,35.5,35.43,2,35.5,70.93
2012-6-28,35.75,35.75,35.47,113,35.58,4034.48
2012-6-29,35.81,35.82,35.71,4,35.71,143.15
2012-7-2,36.23,36.38,36.23,13,36.35,472.45
2012-7-3,36.69,36.98,36.68,17,36.77,624.55
2012-7-5,37.06,37.06,37.06,1,37.06,37.06
2012-7-6,36.86,36.86,36.86,1,36.86,36.86
2012-7-9,36.88,36.88,36.73,3,36.73,110.34
2012-7-10,36.56,36.56,36.46,6,36.46,219.26
2012-7-11,36.39,36.52,36.33,10,36.52,364.29
2012-7-12,36.4,36.4,36,20,36.02,723.43
2012-7-13,36.02,36.04,36.02,8,36.04,288.22
2012-7-16,35.99,35.99,35.78,3,35.88,107.65
2012-7-17,36.24,36.24,36.24,1,36.24,36.24
2012-7-18,35.75,35.77,35.66,5,35.66,178.51
2012-7-19,35.92,35.92,35.92,1,35.92,35.92
2012-7-20,36.22,36.22,36.15,12,36.15,434.27
2012-7-23,35.71,35.71,35.33,22,35.35,779.77
2012-7-24,35.41,35.41,35.41,10,35.41,354.1
2012-7-25,35.24,35.46,35.24,15,35.36,531.03
2012-7-26,35.52,35.52,35.52,2,35.52,71.04
2012-7-27,35.92,36.27,35.92,18,36.22,651.97
2012-7-30,36.5,36.5,36.5,1,36.5,36.5
2012-7-31,36.5,37.02,36.5,206,37.02,7550.88
2012-8-1,36.9,37.11,36.9,124,37.1,4592.11
2012-8-3,36.85,36.91,36.79,15,36.84,552.64
2012-8-6,37.65,37.65,37.3,13,37.37,486.52
2012-8-7,37.32,37.42,37.29,124,37.35,4629.33
2012-8-8,37.7,37.77,37.62,165,37.63,6220.82
2012-8-9,38.05,38.41,37.98,371,38.41,14163.09
2012-8-10,38.43,38.49,38.34,83,38.41,3187.53
2012-8-13,38.42,38.49,38.38,52,38.43,1998.27
2012-8-14,38.69,38.69,38.51,11,38.63,424.87
2012-8-15,38.6,38.6,38.48,8,38.54,308.39
2012-8-16,38.48,38.82,38.48,14,38.74,542.85
2012-8-17,38.73,38.76,38.67,7,38.69,270.98
2012-8-20,38.59,38.59,38.29,12,38.42,460.3
2012-8-21,38.85,38.99,38.82,8.6,38.85,334.47
2012-8-22,38.57,38.75,38.57,3.58,38.75,138.544
2012-8-23,38.77,38.79,38.72,22,38.79,851.96
2012-8-24,38.56,38.63,38.56,2.079,38.63,80.24
2012-8-27,38.9,38.9,38.53,23,38.58,888.71
2012-8-28,38.31,38.31,38.09,18,38.11,687.99
2012-8-29,38.23,38.27,38.14,6,38.27,229.23
2012-8-30,37.96,38.05,37.96,29.1,37.99,1106.02
2012-8-31,38.06,38.25,38.03,37.1,38.1,1415.17
2012-9-3,38.02,38.5,38.02,900,38.41,34541.57
2012-9-4,38.47,38.51,38.34,707,38.4,27157.8
2012-9-5,38.21,38.22,37.89,1444.33,37.91,54875.813
2012-9-6,37.88,37.98,37.59,756,37.71,28580.4
2012-9-7,38.42,38.43,38.18,1318,38.27,50511.46
2012-9-10,38.26,38.5,38.25,936.386,38.46,35957.324
2012-9-11,38.5,38.59,38.4,1080.01,38.46,41544.914
2012-9-12,38.79,39.06,38.74,1158.5,39.02,45070.104
2012-9-13,39.17,39.24,39.06,880.5,39.13,34466.665
2012-9-14,39.64,40,39.6,1325,39.94,52692.31
2012-9-17,39.98,40.08,39.88,742,40,29665.29
2012-9-18,39.89,40.02,39.78,858.63,39.97,34293.739
2012-9-19,40.03,40.21,39.96,1370,40.19,54904.35
2012-9-20,40.15,40.17,39.82,1262,39.96,50486.87
2012-9-21,40.08,40.13,40,822.335,40.08,32957.35
2012-9-24,39.93,40.21,39.68,2045.2,40.11,81766.294
2012-9-25,40.22,40.24,39.94,1708.274,40,68503.775
2012-9-26,39.75,39.84,39.58,1809.05,39.67,71810.505
2012-9-27,39.65,39.83,39.63,1205.6,39.79,47928.646
2012-9-28,39.82,39.92,39.6,2342.4,39.8,93126.392
2012-10-1,39.68,39.73,39.56,688,39.65,27276.29
2012-10-2,39.79,39.94,39.7,571,39.88,22754.16
2012-10-3,39.89,39.9,39.64,643.3,39.72,25594.072
2012-10-4,39.68,39.76,39.4,1320,39.7,52272.33
2012-10-5,39.7,39.87,39.63,499,39.73,19833.33
2012-10-8,39.64,39.68,39.27,820.315,39.33,32303.055
2012-10-9,39.39,39.41,39.22,483.915,39.22,19027.334
2012-10-11,38.69,38.72,38.44,2146.228,38.47,82919.838
2012-10-12,38.39,38.49,38.11,993.673,38.32,38087.918
2012-10-15,38.23,38.32,38.14,449.683,38.27,17191.728
2012-10-16,38.42,38.44,38.32,471.1,38.4,18080.552
2012-10-17,38.7,38.71,38.35,668.5,38.4,25761.63
2012-10-18,38.53,38.54,38.4,654,38.43,25150.65
2012-10-19,38.4,38.4,38.12,632.833,38.17,24170.394
2012-10-22,37.65,37.97,37.62,596.1,37.94,22512.776
2012-10-23,37.86,37.88,37.62,533.484,37.73,20146.445
2012-10-24,37.36,37.85,37.36,646.998,37.66,24370.918
2012-10-25,37.7,37.75,37.42,790.155,37.47,29690.307
2012-10-26,36.35,36.36,35.51,1374.718,35.51,49401.756
2012-10-29,35.56,35.75,35.45,533.999,35.47,19010.764
2012-10-30,35.77,36.1,35.7,748.503,35.89,26845.38
2012-10-31,36.03,36.04,35.63,617,35.7,22114.53
2012-11-1,35.51,35.93,35.17,810.6,35.8,28768.88
2012-11-2,36.01,36.05,35.9,464.3,35.98,16697.704
2012-11-5,35.89,36.06,35.75,229.083,35.85,8217.097
2012-11-6,35.92,36.24,35.84,550.1,36.24,19803.864
2012-11-7,36.14,36.47,36,833.81,36.38,30229.107
2012-11-8,35.95,36.05,35.87,507.296,36.05,18235.516
2012-11-9,35.72,36.47,35.72,751.1,36.4,27124.75
2012-11-12,36.49,36.49,36.21,472.53,36.27,17154.196
2012-11-13,36.18,36.18,35.47,1044,35.5,37278.71
2012-11-14,35.46,35.71,35.4,342.2,35.66,12183.042
2012-11-15,35.5,35.73,35.19,430,35.61,15278.99
2012-11-16,35.53,35.86,35.4,735.675,35.52,26201.283
2012-11-19,35.67,35.76,35.58,407.4,35.6,14527.27
2012-11-20,35.76,35.79,35.59,455.1,35.62,16242.303
2012-11-21,35.68,35.72,35.16,510.535,35.3,18116.965
2012-11-22,35.52,35.53,35.39,318,35.43,11275.46
2012-11-23,35.6,36.58,35.6,1188.029,36.57,42957.881
2012-11-26,36.95,37.01,36.84,1325.997,36.98,48958.166
2012-11-27,36.98,37.14,36.92,493.9,37.08,18276.974
2012-11-28,37.01,37.16,36.96,609.2,37.11,22571.764
2012-11-29,37.42,37.66,37.34,891.434,37.57,33461.334
2012-11-30,37.65,37.98,37.64,1381.069,37.91,52308.815
2012-12-3,38.03,38.19,37.82,487.489,37.96,18553.689
2012-12-4,37.8,37.98,37.75,620.029,37.98,23467.872
2012-12-5,37.94,38.31,37.88,573.344,38.23,21865.763
2012-12-6,38.21,38.29,38.1,671.907,38.17,25655.699
2012-12-7,38.28,38.4,38.21,695.029,38.27,26633.429
2012-12-10,38.36,38.37,38.05,762.187,38.1,29050.493
2012-12-11,38.19,38.19,37.89,287.655,38.13,10942.214
2012-12-12,38.35,38.59,38.3,589,38.47,22654.01
2012-12-13,38.66,38.85,38.56,557.751,38.82,21586.222
2012-12-14,38.69,38.7,38.52,243.364,38.57,9401.951
2012-12-17,38.42,38.42,38.09,901.3,38.14,34466.13
2012-12-18,38.25,38.29,38.13,191,38.21,7301.97
2012-12-19,38.52,38.52,38.27,437.396,38.34,16783.161
2012-12-20,38.05,38.1,37.85,808.5,37.85,30712.984
2012-12-21,37.85,37.85,37.38,1209.16,37.52,45386.556
2012-12-22,37.66,37.72,37.61,291.1,37.67,10963.949
2012-12-24,37.52,37.78,37.48,361.7,37.6,13619.92
2012-12-25,37.71,38.36,37.66,1193.5,38.26,45521.029
2012-12-26,38.3,38.37,38.1,248,38.2,9485.68
2012-12-27,37.97,38.28,37.96,450,38.13,17157.5
2012-12-28,38.36,38.48,38.29,492,38.39,18886.81
2013-1-2,38.54,38.93,38.45,1574.809,38.82,60911.009
2013-1-3,39.08,39.1,38.98,1038.435,39.06,40548.778
2013-1-4,38.93,38.93,38.74,231.25,38.82,8984.17
2013-1-7,38.77,38.77,38.5,262.905,38.65,10144.596
2013-1-8,38.55,38.56,38.33,604,38.4,23205.53
2013-1-9,38.4,38.75,38.4,335.6,38.67,12959.841
2013-1-10,38.87,39.12,38.75,605,39.05,23609.63
2013-1-11,39.2,39.2,38.95,403.252,38.98,15741.688
2013-1-14,38.62,38.99,38.48,340,38.99,13156
2013-1-15,38.8,38.87,38.5,670.2,38.58,25989.846
2013-1-16,38.58,38.58,38.29,666.578,38.3,25608.607
2013-1-17,38.51,38.73,37.84,924.999,37.9,35253.582
2013-1-18,38.34,38.42,38.25,242.04,38.42,9282.896
2013-1-21,38.38,38.56,38.2,275,38.46,10540.8
2013-1-22,38.53,38.73,38.33,479,38.65,18483.56
2013-1-23,38.75,38.75,38.51,172,38.57,6645.18
2013-1-24,38.31,38.52,38.07,678.2,38.26,25949.29
2013-1-25,38.21,38.33,37.99,372,38.18,14184.93
2013-1-28,38.33,38.47,38.28,237,38.46,9098.89
2013-1-29,38.68,38.97,38.61,1070,38.96,41505.72
2013-1-30,39.08,39.18,39,934.2,39.08,36536.242
2013-1-31,38.95,39.12,38.82,340.651,39.12,13291.455
2013-2-1,39.2,39.32,39.06,563,39.27,22080.27
2013-2-4,39.36,39.65,39.35,1062.833,39.56,42034.927
2013-2-5,39.46,39.51,39.35,558,39.5,21997.29
2013-2-6,39.61,39.7,39.49,614.328,39.49,24350.102
2013-2-18,39.76,39.8,39.54,453.11,39.68,18001.878
2013-2-19,39.7,39.75,39.64,203.59,39.73,8082.308
2013-2-20,39.91,40.02,39.86,641.125,39.99,25618.759
2013-2-21,39.96,39.96,39.75,202.408,39.77,8062.339
2013-2-22,39.61,39.8,39.48,232.5,39.65,9208.674
2013-2-23,39.86,39.89,39.82,214.3,39.88,8540.264
2013-2-25,39.81,39.82,39.7,112.076,39.7,4456.667
2013-2-26,39.33,39.53,39.29,211,39.33,8305.72
2013-2-27,39.4,39.42,39.28,111.891,39.38,4404.977
2013-3-1,39.58,39.62,39.55,153,39.58,6057.05
2013-3-4,39.55,39.55,39.08,366.458,39.16,14383.004
2013-3-5,39.27,39.55,39.26,269.1,39.48,10597.078
2013-3-6,39.87,39.89,39.6,364,39.63,14468.68
2013-3-7,39.57,39.8,39.57,61.2,39.68,2428.341
2013-3-8,39.84,40,39.8,364.9,39.92,14575.135
2013-3-11,40,40.22,39.92,260.05,40.15,10433.466
2013-3-12,40.15,40.2,39.89,409.025,39.9,16383.95
2013-3-13,39.94,40.05,39.69,200.1,39.89,7972.709
2013-3-14,39.8,39.84,39.65,149.2,39.71,5926.326
2013-3-15,39.82,39.82,39.49,253.901,39.54,10069.105
2013-3-18,39.17,39.22,38.87,577.4,38.88,22535.992
2013-3-19,39.06,39.14,39,276,39.05,10782.73
2013-3-20,38.9,39.09,38.81,360.1,38.81,14022.743
2013-3-21,38.93,38.98,38.83,192,38.89,7472.26
2013-3-22,38.83,38.98,38.83,219,38.84,8519.4
2013-3-25,39.17,39.22,39.07,186.868,39.1,7314.654
2013-3-26,39.09,39.14,39.04,507.22,39.1,19834.282
2013-3-27,39.1,39.27,39.08,405.5,39.21,15893.565
2013-3-28,39.21,39.21,39.03,113,39.08,4419.36
2013-3-29,39.33,39.54,39.27,398.1,39.49,15679.481
2013-4-1,39.58,39.58,39.48,112.906,39.49,4462.717
2013-4-2,39.45,39.55,39.33,153,39.4,6039.7
2013-4-3,39.61,39.62,39.49,220.05,39.56,8701.649
2013-4-8,39.28,39.28,38.65,773.292,38.65,30016.677
2013-4-9,38.61,38.67,38.41,481,38.49,18548.94
2013-4-10,38.58,38.6,38.5,162.35,38.53,6258.67
2013-4-11,38.72,39.01,38.72,420.15,39.01,16341.504
2013-4-12,39.03,39.05,38.86,188.025,38.88,7327.432
2013-4-15,38.84,38.98,38.58,225.52,38.66,8739.042
2013-4-16,38.42,38.82,38.4,398.457,38.82,15366.89
2013-4-17,38.76,38.79,38.67,191,38.77,7398.16
2013-4-18,38.47,38.8,38.47,226.1,38.67,8740.927
2013-4-19,38.91,39.58,38.91,738.25,39.58,28998.21
2013-4-22,39.73,39.76,39.61,187.008,39.68,7424.356
2013-4-23,39.59,39.6,39.41,152,39.49,6001.47
2013-4-24,39.7,39.93,39.63,284,39.86,11312.27
2013-4-25,39.78,39.92,39.78,135,39.92,5380.74
2013-4-26,39.96,40.21,39.96,698.01,39.97,28014.559
2013-4-29,40.01,40.06,39.93,151.625,40,6065.32
2013-4-30,40.36,40.46,40.34,662.5,40.38,26754.39
2013-5-2,40.38,40.52,40.35,237.835,40.51,9619.763
2013-5-3,40.71,40.77,40.53,242,40.57,9845
2013-5-6,40.91,40.92,40.7,322,40.73,13136.69
2013-5-7,40.75,40.84,40.68,450.122,40.8,18349.19
2013-5-8,40.93,41.39,40.9,410.968,41.28,16911.855
2013-5-9,41.48,41.55,41.39,309.6,41.47,12839.53
2013-5-10,41.4,41.45,41.34,238.24,41.39,9860.838
2013-5-13,41.36,41.39,41.09,500.192,41.19,20623.092
2013-5-14,41.36,41.4,41.17,399,41.29,16483.33
2013-5-15,41.44,41.44,41.26,428.781,41.44,17735.834
2013-5-16,41.6,42.08,41.5,987.564,42,41362.805
2013-5-17,42,42.05,41.9,198,41.95,8308.88
2013-5-20,41.71,41.85,41.66,360,41.84,15045.71
2013-5-21,41.84,42.09,41.71,557,41.85,23329.35
2013-5-22,42.04,42.1,41.88,475.952,41.92,19981.884
2013-5-23,41.56,41.64,40.98,1331.4,40.99,54986.024
2013-5-24,41.07,41.1,40.62,387.5,40.87,15859.525
2013-5-27,40.88,41.18,40.86,348.3,41.18,14300.2
2013-5-28,41.16,41.24,41.1,290.2,41.17,11948.51
2013-5-29,41.25,41.59,41.25,684,41.48,28347.39
2013-5-30,41.26,41.35,40.9,721.999,41.05,29676.508
2013-5-31,41.51,41.51,41,830.1,41.04,34246.714
2013-6-3,40.52,40.87,40.49,1745.444,40.82,71046.204
2013-6-4,40.85,40.9,40.6,532.5,40.65,21682.895
2013-6-5,40.57,40.76,40.48,495.168,40.61,20109.552
2013-6-6,40.33,40.46,40.16,919.286,40.23,37007.42
2013-6-7,40.23,40.35,40.09,508.05,40.21,20433.881
2013-6-10,40.59,40.74,40.48,1423,40.54,57822.15
2013-6-11,40.54,40.61,40.4,670.2,40.43,27142.921
2013-6-13,40.08,40.08,39.59,1759,39.59,69927.97
2013-6-14,39.67,39.67,39.35,935,39.46,36952.75
2013-6-17,39.55,39.73,39.5,602.297,39.71,23882.912
2013-6-18,39.71,39.88,39.54,1004.297,39.84,39868.911
2013-6-19,39.92,40.02,39.79,921,39.95,36738.94
2013-6-20,39.6,39.6,39.17,1359.396,39.17,53442.409
2013-6-21,38.49,38.81,38.4,1483,38.78,57218.95
2013-6-24,38.55,38.73,38.42,1134.297,38.61,43747.083
2013-6-25,38.62,38.79,38.31,1464.594,38.36,56423.392
2013-6-26,38.68,38.81,38.48,1023.356,38.7,39559.935
2013-6-27,39.03,39.1,38.93,7868,39.06,307197.35
2013-6-28,39.34,39.99,39.23,1304.198,39.99,51462.698
2013-7-1,39.8,40.11,39.64,1053.297,39.97,41997.976
2013-7-2,39.76,40.1,39.76,1043,39.92,41708.76
2013-7-3,39.92,39.92,39.45,1274.198,39.5,50511.359
2013-7-4,39.6,39.6,39.39,1769,39.48,69855.09
2013-7-5,39.53,40.24,39.53,2819.16,40.23,112813.973
2013-7-8,40.23,40.23,39.55,1153.296,39.55,45766.195
2013-7-9,39.61,40.07,39.61,2756.101,40.04,109952.942
2013-7-10,40.05,40.49,40.05,1655.34,40.14,66760.154
2013-7-11,40.4,41.21,40.4,2896,41.17,118451.37
2013-7-12,40.8,41.35,40.8,632,41.28,26070.99
2013-7-15,41.25,41.65,41.2,1185.772,41.57,49171.894
2013-7-16,41.57,41.61,41.43,671,41.6,27861.24
2013-7-17,41.11,41.81,41.11,1777.383,41.79,74141.883
2013-7-18,41.8,41.81,41.43,3021,41.51,125851.3
2013-7-19,41.4,41.4,40.73,6016.25,40.82,246407.763
2013-7-22,41.1,41.19,40.95,423.18,41.09,17390.68
2013-7-23,41.29,41.74,41.29,816.095,41.63,33854.312
2013-7-24,41.7,41.71,41.52,178.297,41.61,7419.243
2013-7-25,41.45,41.75,41.29,800.198,41.57,33202.258
2013-7-26,41.68,41.83,41.4,889.297,41.43,36986.592
2013-7-29,40.6,41.45,40.6,1102.5,41.13,45396.835
2013-7-30,41.39,41.65,41.28,697,41.56,28907.45
2013-7-31,41.76,41.76,41.28,1948.722,41.28,80686.495
2013-8-1,41.11,41.31,40.96,436.4,41.13,17953.514
2013-8-2,41.35,41.66,41.22,564.39,41.27,23378.002
2013-8-5,41.15,41.46,41.09,110.08,41.43,4541.249
2013-8-6,41.15,41.21,40.82,586.25,40.86,23960.579
2013-8-7,40.66,40.66,40.31,683.5,40.31,27667.412
2013-8-8,40.26,40.35,40.19,214.8,40.26,8647.858
2013-8-9,40.26,40.3,39.99,865.25,40.01,34667.77
2013-8-12,40.25,40.3,40.07,121.544,40.3,4888.729
2013-8-13,40.48,40.71,40.47,244.2,40.71,9903.77
2013-8-14,40.7,40.7,40.41,337.297,40.53,13650.906
2013-8-15,40.3,40.35,40.05,589.738,40.27,23726.649
2013-8-16,40.1,40.54,40.04,167.297,40.44,6748.112
2013-8-19,40.42,40.42,40.24,291.203,40.31,11751.421
2013-8-20,40.15,40.4,39.98,471.297,39.99,18874.467
2013-8-22,39.88,39.88,39.44,849.089,39.83,33582.778
2013-8-23,39.88,40.25,39.88,412.4,40.2,16573.368
2013-8-26,40.29,40.33,40.17,229,40.29,9225.28
2013-8-27,39.96,40.26,39.96,195.6,39.97,7838.088
2013-8-28,39.75,40,39.67,867.717,40,34490.611
2013-8-29,40.3,40.53,40.22,1029,40.47,41485.33
2013-8-30,40.64,41.06,40.58,363.78,41.06,14835.531
2013-9-2,41,41.12,40.84,356.242,41.08,14608.136
2013-9-3,41.2,41.41,41.2,1347.8,41.37,55727.03
2013-9-4,41.2,41.33,41.1,434,41.33,17908.17
2013-9-5,41.34,41.74,41.34,465.13,41.74,19351.985
2013-9-6,41.74,41.77,41.67,423.2,41.7,17664.2
2013-9-9,41.5,41.89,41.5,2154.627,41.89,89888.294
2013-9-10,42,42.13,41.76,383,42.09,16076.57
2013-9-11,42,42,41.65,627.118,41.96,26207.905
2013-9-12,42,42.08,41.94,305.25,42.08,12823.269
2013-9-13,42.1,42.1,41.77,162,41.78,6782.05
2013-9-14,41.72,41.81,41.72,27.7,41.76,1156.618
2013-9-16,41.91,42.25,41.91,4690.715,42.24,197968.147
2013-9-17,42.13,42.17,42.06,354.48,42.17,14934.865
2013-9-18,42.26,42.26,42.03,632.05,42.03,26647.04
2013-9-23,42.17,42.42,42.17,398,42.41,16860.87
2013-9-24,42.5,42.5,42.31,593,42.43,25131.29
2013-9-25,42.38,42.38,42.23,70.25,42.34,2972.245
2013-9-26,42.26,42.26,41.89,366,41.89,15377.62
2013-9-27,41.89,42.13,41.89,60.1,42.07,2526.515
2013-9-30,42,42,41.58,1155.044,41.81,48162.359
2013-10-1,41.8,41.97,41.78,3375.538,41.84,141580.602
2013-10-2,41.84,42.02,41.84,92.1,41.98,3864.446
2013-10-3,41.98,42.87,41.98,5691.5,42.75,242647.02
2013-10-4,42.75,42.9,42.72,150,42.83,6422.22
2013-10-7,42.83,42.83,42.55,1186.6,42.59,50565.932
2013-10-8,42.59,42.83,42.53,702.713,42.83,29980.873
2013-10-9,42.72,42.8,42.64,50,42.67,2134.52
2013-10-11,43.12,43.15,42.81,130.999,42.81,5626.866
2013-10-14,42.62,42.67,42.35,350.713,42.43,14905.354
2013-10-15,42.76,42.87,42.71,82.13,42.81,3514.993
2013-10-16,43,43,42.68,732.999,42.68,31326.077
2013-10-17,43,43.05,42.83,1269.1,42.87,54473.024
2013-10-18,43.05,43.15,42.92,197.25,43.15,8482.427
2013-10-21,43.15,43.23,42.95,294.1,43.05,12656.92
2013-10-22,43.5,43.5,42.85,120,43.03,5154.56
2013-10-23,43.4,43.4,42.86,1325.35,42.92,56877.425
2013-10-24,42.61,42.96,42.61,85.164,42.96,3649.84
2013-10-25,42.06,42.06,41.6,859.422,41.7,35989.362
2013-10-28,42.29,42.29,41.79,130.003,41.96,5452.114
2013-10-29,41.95,42.14,41.87,287.05,42.1,12057.353
2013-10-30,42.22,42.29,42.13,144,42.29,6075.37
2013-10-31,42.13,42.32,42.08,1455.712,42.21,61285.449
2013-11-1,42.2,42.35,41.87,128.2,41.93,5386.602
2013-11-4,41.93,41.93,41.63,264.438,41.8,11030.057
2013-11-5,41.74,41.8,41.35,580.45,41.35,24074.048
2013-11-6,41.43,43.8,41.21,576.998,43.8,23849.336
2013-11-7,42.5,42.5,41.25,259.652,41.4,10750.759
2013-11-8,41.2,41.32,41.09,310.1,41.15,12767.473
2013-11-11,41.18,41.19,40.91,1011.321,40.96,41528.031
2013-11-12,41,41.21,40.9,270.1,41.09,11107.827
2013-11-13,41,41,40.57,762.043,40.57,31057.331
2013-11-14,40.71,40.8,40.53,875.2,40.73,35632.912
2013-11-15,40.87,41.07,40.82,400.6,40.93,16390.711
2013-11-18,41.03,41.15,40.98,78.4,41,3218.232
2013-11-19,41.15,41.37,41.15,1089,41.37,44884.41
2013-11-20,41.29,41.32,41.13,443.5,41.13,18307.335
2013-11-21,40.94,40.94,40.48,1140.496,40.53,46287.72
2013-11-22,40.61,40.69,40.58,311.63,40.63,12654.633
2013-11-25,40.97,41.12,40.97,591,41.01,24277.54
2013-11-26,41,41.43,41,133.228,41.34,5499.796
2013-11-27,41.41,41.53,41.38,1238.01,41.53,51277.622
2013-11-28,41.81,41.91,41.77,268,41.86,11210.72
2013-11-29,41.85,42.06,41.85,591.2,42.06,24821.174
2013-12-2,42.06,42.17,42,176.963,42.1,7453.391
2013-12-3,41.99,42.06,41.95,102.9,42.06,4322.426
2013-12-4,42.01,42.18,41.93,247.25,42.13,10390.18
2013-12-5,42.13,42.13,41.84,151,41.9,6327.76
2013-12-6,41.9,42.01,41.82,246.4,41.91,10311.03
2013-12-9,42.29,42.37,42.23,1561,42.23,66042.4
2013-12-10,42.26,42.26,42.14,671,42.25,28296.74
2013-12-11,42.28,42.48,42.08,802,42.15,33913.3
2013-12-12,41.98,41.99,41.82,702.527,41.85,29430.482
2013-12-13,41.75,41.9,41.74,354.033,41.87,14803.211
2013-12-16,41.83,41.83,41.61,754.234,41.61,31440.942
2013-12-17,41.75,41.86,41.75,761.233,41.79,31841.812
2013-12-18,42.56,42.56,41.67,834.3,41.72,34811.984
2013-12-19,42.02,42.05,41.85,1062.1,41.98,44629.864
2013-12-20,41.94,42.12,41.94,783.033,42.01,32920.205
2013-12-23,42.21,42.35,42.21,223.198,42.25,9440.392
2013-12-24,42.31,42.31,42.27,35.402,42.27,1497.144
2013-12-25,42.25,42.38,42.25,140.132,42.31,5932.63
2013-12-26,42.29,42.4,42.29,283.199,42.4,11995.655
2013-12-27,42.4,42.65,42.39,196.593,42.62,8350.232
2013-12-30,42.72,43.03,42.72,201.765,43.03,8647.112
2013-12-31,43.07,43.17,42.94,261.25,42.96,11252.588
2014-1-2,42.96,43.08,42.86,440.307,42.97,18921.615
2014-1-3,42.8,42.8,42.59,562.1,42.64,23972.213
2014-1-6,42.65,42.71,42.35,294.9,42.43,12539.006
2014-1-7,42.5,42.63,42.5,136.092,42.53,5797.099
2014-1-8,42.65,42.8,42.65,650.663,42.7,27828.368
2014-1-9,42.66,42.69,42.43,758.5,42.5,32286.049
2014-1-10,42.54,42.59,42.5,1017,42.53,43274.08
2014-1-13,42.82,42.9,42.66,1987.2,42.72,85045.54
2014-1-14,42.7,42.74,42.49,354.316,42.74,15084.239
2014-1-15,42.74,42.93,42.7,352.675,42.91,15104.3
2014-1-16,42.91,43.19,42.91,359.05,42.95,15481.185
2014-1-17,42.95,42.95,42.76,410,42.86,17550.91
2014-1-20,42.76,43.03,42.76,303,42.98,12987.26
2014-1-21,43.06,43.06,42.87,77,42.92,3307.87
2014-1-22,42.85,43.01,42.85,107,43,4597.02
2014-1-23,43.05,43.05,42.84,69.013,42.85,2963.586
2014-1-24,42.76,42.89,42.76,363,42.81,15561.97
2014-1-27,42.7,42.7,42.13,454.912,42.26,19235.53
2014-2-5,42,42,41,3896.12,41.16,160630.72
2014-2-6,41.28,41.38,40.97,3210.403,41.35,132665.586
2014-2-7,41.55,41.79,41.52,2985.297,41.68,124450.053
2014-2-10,41.99,41.99,41.75,2434.024,41.78,101820.412
2014-2-11,41.79,41.94,41.74,620.119,41.94,25913.618
2014-2-12,41.94,42.35,41.94,318.006,42.35,13408.613
2014-2-13,42.35,42.35,42.1,220.1,42.14,9279.542
2014-2-14,42.29,42.55,42.29,848.205,42.34,36019.115
2014-2-17,42.5,42.53,42.32,109.86,42.38,4660.449
2014-2-18,42.5,42.56,42.32,137.85,42.56,5847.259
2014-2-19,42.49,42.58,42.47,334,42.58,14198.88
2014-2-20,42.42,42.54,42.35,375.999,42.37,15949.807
2014-2-21,42.5,42.74,42.5,519.151,42.71,22131.775
2014-2-24,42.7,42.73,42.45,236,42.53,10048.8
2014-2-25,42.55,42.68,42.54,469.5,42.59,19990.204
2014-2-26,42.5,42.82,42.5,2129.5,42.73,90982.384
2014-2-27,42.79,42.9,42.76,316,42.9,13536.88
2014-3-3,39.9,42.68,39.9,1289.834,42.68,54759.344
2014-3-4,42.48,42.6,42.45,168.538,42.5,7166.964
2014-3-5,42.71,42.87,42.71,278,42.84,11909.05
2014-3-6,42.95,43.36,42.95,432,43.36,18620.38
2014-3-7,43.36,43.55,43.22,205.2,43.26,8913.348
2014-3-10,43.2,43.24,42.96,147.533,43,6350.288
2014-3-11,43.19,43.24,43.12,145.446,43.17,6282.238
2014-3-12,43.2,43.2,42.94,238,43.06,10228.2
2014-3-13,43.1,43.43,43.1,619,43.39,26806.31
2014-3-14,43.3,43.3,43.03,148.15,43.08,6386.662
2014-3-17,43,43.13,42.94,98.473,43.1,4232.53
2014-3-18,43.21,43.37,43.2,185.3,43.28,8025.518
2014-3-19,43.28,43.28,43.05,140.3,43.06,6052.732
2014-3-20,42.89,42.89,42.53,1450.32,42.6,61763.665
2014-3-21,42.6,42.69,42.45,694.097,42.47,29546.337
2014-3-24,42.51,42.62,42.23,136.024,42.62,5767.966
2014-3-25,42.57,42.98,42.57,1315.39,42.98,56341.973
2014-3-26,43,43.26,43,375,43.26,16201.1
2014-3-27,43.28,43.47,43.18,371.115,43.47,16090.011
2014-3-28,43.41,43.58,43.35,175.45,43.47,7626.852
2014-3-31,43.47,43.76,43.42,116.625,43.76,5073.716
2014-4-1,43.76,43.87,43.65,394.316,43.87,17251.096
2014-4-2,43.87,44.11,43.87,167.288,44.07,7363.363
2014-4-3,44.1,44.1,43.86,92.2,43.95,4049.542
2014-4-7,43.69,43.9,43.68,330,43.9,14421.79
2014-4-8,43.91,44.02,43.85,312.101,44.02,13708.932
2014-4-9,44.02,44.18,44.02,238.243,44.18,10511.897
2014-4-10,44.2,44.35,44.03,192,44.29,8476.98
2014-4-11,43.94,44.1,43.78,257.007,44.1,11281.538
2014-4-14,43.98,43.98,43.81,95.566,43.84,4192.775
2014-4-15,43.85,44.12,43.85,293.44,44.12,12927.203
2014-4-16,44.1,44.29,43.98,449.598,44.22,19882.963
2014-4-17,44.22,44.26,44.1,134.68,44.22,5952.481
2014-4-18,44.44,44.45,44.22,660.822,44.34,29269.729
2014-4-21,44.28,44.28,44.19,158.002,44.28,6988.988
2014-4-22,44.26,44.39,44.26,134.002,44.38,5943.748
2014-4-23,44.47,44.52,44.23,272.001,44.3,12072.404
2014-4-24,44.26,44.27,44.13,868.726,44.26,38414.938
2014-4-25,44.18,44.21,43.39,907.43,43.48,39546.355
2014-4-28,43.3,43.68,43,1364.364,43.64,59274.284
2014-4-29,43.7,43.89,43.67,754.005,43.88,33038.709
2014-4-30,43.88,43.91,43.55,1580.758,43.55,69045.343
2014-5-2,43.75,43.85,43.73,407.613,43.83,17849.243
2014-5-5,43.96,44.01,43.75,447.86,43.8,19705.739
2014-5-6,43.95,44.09,43.76,174,44.09,7652.53
2014-5-7,44.01,44.01,43.82,458,43.97,20108.37
2014-5-8,44.1,44.16,44.02,474,44.16,20923.58
2014-5-9,44.15,44.15,43.89,29.675,43.9,1304.942
2014-5-12,43.81,43.81,43.56,459.443,43.56,20097.138
2014-5-13,43.84,43.9,43.66,1673,43.7,73104.47
2014-5-14,43.75,43.85,43.67,767.778,43.85,33565.698
2014-5-15,43.87,43.97,43.87,6.65,43.97,292.026
2014-5-16,43.82,43.87,43.65,9.999,43.87,437.606
2014-5-19,44.04,44.05,43.93,241.024,43.98,10594.154
2014-5-20,44.03,44.12,44.01,1232.348,44.03,54347.275
2014-5-21,44.01,44.03,43.82,625,43.82,27451.42
2014-5-22,44,44.28,44,450,44.28,19855.99
2014-5-23,44.42,44.5,44.42,329.32,44.48,14648.903
2014-5-26,44.66,44.69,44.58,55.21,44.69,2464.566
2014-5-27,44.69,44.73,44.65,42.3,44.72,1890.81
2014-5-28,44.79,45.11,44.78,552.9,45.1,24826.941
2014-5-29,45.15,45.19,45.1,47.09,45.1,2125.276
2014-5-30,45.05,45.1,44.9,629.557,44.9,28347.887
2014-6-3,45.11,45.11,44.86,52.021,44.96,2343.842
2014-6-4,45.07,45.1,45.07,56.714,45.07,2556.535
2014-6-5,44.95,44.95,44.94,3,44.94,134.83
2014-6-6,45.21,45.25,45.03,67,45.05,3025.85
2014-6-9,45.17,45.25,45.13,42.155,45.25,1904.59
2014-6-10,45.28,45.5,45.28,226.1,45.5,10247.13
2014-6-11,45.45,45.57,45.45,8.001,45.57,364.025
2014-6-12,45.43,45.46,45.43,17.2,45.46,781.45
2014-6-13,45.37,45.4,45.3,15.2,45.4,689.278
2014-6-16,45.4,45.48,45.34,422.525,45.48,19174.706
2014-6-17,45.55,45.65,45.55,37.05,45.61,1688.423
2014-6-18,45.67,45.93,45.57,17,45.93,776.82
2014-6-19,45.97,46,45.91,22.1,46,1014.778
2014-6-20,46.08,46.11,45.87,28.01,45.87,1287.228
2014-6-23,45.88,45.88,45.7,6.59,45.7,301.331
2014-6-24,45.86,45.87,45.72,310,45.76,14216.78
2014-6-25,45.78,45.79,45.68,657.1,45.69,30079.21
2014-6-26,45.9,46.11,45.9,939,46.1,43192.25
2014-6-27,46.14,46.2,46.07,1832.359,46.07,84572.345
2014-6-30,46.47,46.55,46.47,5.669,46.55,263.638
2014-7-1,46.79,46.9,46.78,1209.491,46.87,56648.731
2014-7-2,47.07,47.37,46.74,1646.26,46.91,77733.706
2014-7-3,47,47.3,47,627.195,47.3,29603.579
2014-7-4,47.41,47.41,47.18,214.01,47.33,10144.942
2014-7-7,47.23,47.32,47.1,604,47.32,28526.96
2014-7-8,47.24,47.33,47.24,419.15,47.33,19829.316
2014-7-9,47.12,47.2,47.12,4.042,47.2,190.641
2014-7-10,47.45,47.57,47.45,212.02,47.56,10083.346
2014-7-11,47.45,47.68,47.27,17.1,47.27,813.135
2014-7-14,47.53,47.63,47.53,3.151,47.63,149.867
2014-7-15,47.8,47.9,47.78,6.707,47.9,320.788
2014-7-16,47.89,47.89,47.48,7,47.48,334.22
2014-7-17,47.05,47.05,47.05,2,47.05,94.1
2014-7-18,47.07,47.11,47.06,18,47.09,847.79
2014-7-21,47.33,47.33,47.33,1,47.33,47.33
2014-7-22,47.43,47.57,47.43,5,47.57,237.57
2014-7-24,47.63,47.71,47.63,6.398,47.71,305.16
2014-7-25,47.77,47.77,47.29,16.045,47.29,759.291
2014-7-28,47.21,47.44,47.21,66.15,47.39,3132.462
2014-7-29,47.55,47.55,47.05,70.1,47.32,3324.045
2014-7-30,47.49,47.55,47.49,81.97,47.55,3894.162
2014-7-31,47.25,47.28,46.95,91.61,46.95,4321.717
2014-8-1,46.4,46.8,46.4,106.637,46.8,4965.188
2014-8-4,46.84,46.95,46.7,141.021,46.95,6608.345
2014-8-5,46.69,46.69,46.16,320.73,46.16,14865.341
2014-8-6,46.15,46.19,45.92,117.589,46.19,5411.455
2014-8-7,46.17,46.17,46.01,29.657,46.01,1367.642
2014-8-8,45.95,45.95,45.63,48.001,45.82,2196.925
2014-8-11,46.19,46.38,46.19,13,46.38,601.25
2014-8-12,46.35,46.35,46.26,4,46.34,185.29
2014-8-13,46.27,46.6,46.27,16,46.6,743.92
2014-8-14,46.74,46.9,46.64,11,46.64,514.32
2014-8-15,46.64,46.64,46.5,32.51,46.61,1515.028
2014-8-18,46.5,46.5,46.44,5.554,46.44,258.007
2014-8-19,46.75,46.91,46.71,9.124,46.83,427.148
2014-8-20,47,47.09,46.99,13,47.09,611.29
2014-8-21,46.85,46.86,46.79,33.099,46.86,1550.512
2014-8-22,47.06,47.6,47.06,53.63,47.6,2547.554
2014-8-25,47.66,47.68,47.59,113,47.59,5381.11
2014-8-26,47.65,47.67,47.65,41.23,47.65,1964.826
2014-8-27,47.72,48.02,47.72,480.392,48.02,22981.829
2014-8-28,48.05,48.16,48.05,100.3,48.16,4821.314
2014-9-1,48.19,48.38,48.19,29.082,48.38,1403.824
2014-9-2,48.14,48.14,47.7,5.33,47.7,255.533
2014-9-3,47.77,47.96,47.77,6.2,47.96,296.66
2014-9-4,47.77,47.82,47.73,22.1,47.73,1055.254
2014-9-5,47.84,47.85,47.84,45.035,47.85,2154.619
2014-9-9,47.97,47.97,47.9,8,47.92,383.37
2014-9-10,47.48,47.48,47.35,16.01,47.38,758.855
2014-9-11,47.55,47.55,47.43,9,47.43,427.35
2014-9-12,47.11,47.11,46.99,16.235,46.99,764.327
2014-9-15,46.7,47.01,46.7,31.745,46.95,1490.311
2014-9-16,46.62,46.62,46.51,22.522,46.51,1048.662
2014-9-17,46.59,47,46.59,16,46.72,749.61
2014-9-18,46.8,46.88,46.8,3.1,46.88,145.227
2014-9-19,47.13,47.13,47,7,47,329.4
2014-9-22,46.82,46.82,46.41,20,46.41,930.58
2014-9-23,46.41,46.41,46.2,17.8,46.2,823.733
2014-9-24,46.14,46.15,46.14,7,46.15,323.04
2014-9-25,46.34,46.34,45.69,70.15,45.69,3242.273
2014-9-26,45.39,45.57,45.39,13.72,45.57,625.029
2014-9-29,45.55,45.55,45.48,74.687,45.51,3400.331
2014-9-30,45.5,45.58,45,102,45.51,4635.75
2014-10-1,45.48,45.77,45.48,4.242,45.77,193.562
2014-10-2,45.38,45.38,45.25,26.307,45.38,1192.564
2014-10-3,45.72,46.15,45.2,78,46.15,3578.02
2014-10-6,45.98,46.02,45.98,232,46.01,10672.54
2014-10-7,45.78,45.79,45.69,67,45.76,3066.13
2014-10-8,45.64,45.75,45.42,33.617,45.42,1534.086
2014-10-9,45.6,45.6,45.39,56.3,45.39,2563.657
2014-10-13,45.38,45.38,44.36,14.998,44.36,668.049
2014-10-14,44.35,44.5,44.35,8.09,44.5,359.457
2014-10-15,44.44,44.44,43.9,32.616,43.94,1438.187
2014-10-16,43.9,44.07,43.25,49.315,43.95,2159.491
2014-10-17,44.01,44.01,43.35,10.1,43.35,440.263
2014-10-20,43.92,43.95,43.8,11.25,43.95,494.092
2014-10-21,44,44,43.85,68.635,43.85,3011.844
2014-10-22,44.34,44.37,44.26,126,44.37,5584.09
2014-10-23,44.3,44.3,44.18,157.01,44.18,6942.544
2014-10-24,43.22,43.25,43.1,22.3,43.1,963.27
2014-10-27,43.22,43.26,43.16,58,43.17,2508.1
2014-10-28,43.75,43.92,43.71,49.454,43.92,2164.273
2014-10-29,44.1,44.35,44.1,289,44.35,12750.27
2014-10-30,44.23,44.42,44.23,9.585,44.42,425.14
2014-10-31,44.46,44.5,44.46,9.72,44.5,432.73
2014-11-3,44.85,45.04,44.85,31.999,44.98,1439.644
2014-11-4,45.04,45.07,45.04,2.6,45.07,117.11
2014-11-5,45.02,45.02,44.97,20.504,44.97,922.523
2014-11-6,44.85,44.85,44.56,54.005,44.56,2417.37
2014-11-10,44.8,45.32,44.8,63,45.29,2853.86
2014-11-11,45.3,45.4,45.2,10,45.2,452.3
2014-11-12,44.98,44.98,44.7,3,44.7,134.44
2014-11-13,44.89,44.89,44.73,9,44.84,403.43
2014-11-14,44.88,44.88,44.88,2.951,44.88,132.516
2014-11-17,45.01,45.01,44.48,37.15,44.55,1655.129
2014-11-18,44.5,44.5,44.42,4.572,44.42,203.196
2014-11-19,44.64,44.92,44.64,8,44.92,359.02
2014-11-20,45.16,45.32,45.16,12,45.32,543.29
2014-11-21,45.43,45.5,45.42,15.2,45.42,690.654
2014-11-24,45.71,45.71,45.63,8,45.63,365.12
2014-11-25,45.62,45.62,45.51,107.1,45.51,4881.229
2014-11-26,45.52,45.53,45.52,7.438,45.53,338.629
2014-11-27,45.75,46,45.75,47,45.76,2158.75
2014-11-28,45.9,45.9,45.83,3.262,45.83,149.756
2014-12-1,45.61,45.66,45.11,56.211,45.6,2562.369
2014-12-2,45.6,45.6,44.99,28,45.05,1261.72
2014-12-3,45.31,45.79,45.31,18.18,45.79,830.186
2014-12-4,46.03,46.1,46.03,46.7,46.1,2148.509
2014-12-8,45.8,45.89,45.76,83,45.76,3805.03
2014-12-9,45.54,45.54,45.54,26.76,45.54,1217.487
2014-12-10,45.32,45.32,45.1,14,45.1,631.68
2014-12-11,44.95,45.12,44.88,14.1,45,634.879
2014-12-12,45.23,45.23,45,59,45,2660.24
2014-12-15,44.75,44.82,44.75,14.004,44.82,627.419
2014-12-16,44.77,44.77,44.77,8.538,44.77,382.219
2014-12-17,44.54,44.54,44.16,7.2,44.16,319.48
2014-12-18,44.43,44.54,44.34,5,44.34,222.05
2014-12-19,44.73,44.95,44.73,7,44.9,314.18
2014-12-22,45.13,45.16,45.13,2,45.16,90.29
2014-12-23,45.46,45.46,45.29,9,45.29,407.95
2014-12-24,45.52,45.67,45.49,25,45.67,1138.78
2014-12-25,45.61,45.61,45.6,17,45.6,775.36
2014-12-26,45.85,45.85,45.85,1,45.85,45.85
2014-12-27,45.88,45.9,45.79,9,45.9,412.92
2014-12-29,45.99,46.32,45.99,32.003,46.3,1478.548
2014-12-30,46.3,46.3,46.3,1.019,46.3,47.179
2014-12-31,46.07,46.07,46.07,6.572,46.07,302.932
2015-1-5,46,46.1,45.8,24.59,46.1,1128.839
2015-1-6,45.87,45.87,45.16,29.176,45.16,1331.147
2015-1-7,45.28,45.28,45.27,9.006,45.27,407.721
2015-1-8,45.58,45.99,45.58,12.47,45.96,572.211
2015-1-9,46.18,46.18,46,13,46.05,598.95
2015-1-12,45.82,45.82,45.77,9.434,45.78,431.962
2015-1-13,45.72,45.95,45.72,6,45.95,274.55
2015-1-14,45.95,45.95,45.73,3,45.73,137.63
2015-1-15,45.69,45.78,45.69,9.508,45.76,435.056
2015-1-16,45.91,45.91,45.4,8,45.5,364.29
2015-1-19,45.72,46.09,45.69,46,45.69,2111.64
2015-1-20,45.91,45.91,45.91,6,45.91,275.46
2015-1-21,46.33,46.34,46.27,50,46.29,2314.71
2015-1-22,46.5,46.6,46.5,30,46.51,1396.81
2015-1-23,47.07,47.23,47.06,59.04,47.23,2783.95
2015-1-26,47.23,47.23,47.16,23,47.23,1085.04
2015-1-27,47.4,47.4,47.4,15.063,47.4,713.986
2015-1-28,47.29,47.47,47.29,9,47.38,426.4
2015-1-29,47.23,47.23,46.87,68,47.03,3207.32
2015-1-30,46.82,46.82,46.72,9.453,46.79,442.265
2015-2-2,46.85,46.85,46.85,6.013,46.85,281.709
2015-2-3,46.86,47.09,46.86,19.031,47.09,892.719
2015-2-4,47.37,47.45,47.36,27.1,47.45,1284.3
2015-2-5,47.21,47.46,47.21,11.174,47.46,529.632
2015-2-6,47.23,47.23,47.2,8.161,47.2,385.243
2015-2-10,46.88,46.88,46.8,7.006,46.8,327.961
2015-2-11,47.03,47.28,47.03,8,47.28,377.27
2015-2-12,47.28,47.41,47.28,13,47.41,615.99
2015-2-13,47.57,47.71,47.48,56,47.48,2661.28
2015-2-24,47.48,48,47.48,31.267,48,1498.775
2015-2-25,48.24,48.24,48.11,16.5,48.24,794.699
2015-2-26,48,48.01,48,9.414,48.01,452.014
2015-3-2,48.25,48.25,48,4.691,48,225.67
2015-3-3,47.74,47.75,47.74,8.016,47.75,382.743
2015-3-4,47.91,48.01,47.91,18,47.94,863.4
2015-3-5,47.86,47.86,47.84,4.455,47.84,213.185
2015-3-6,47.81,48.09,47.81,10.36,48.09,496.923
2015-3-9,47.87,47.87,47.64,7,47.64,333.71
2015-3-11,47.23,47.49,47.23,8,47.49,379.33
2015-3-12,47.72,47.77,47.72,2,47.77,95.49
2015-3-13,47.71,47.9,47.71,2,47.9,95.61
2015-3-16,47.67,47.67,47.49,2,47.49,95.16
2015-3-17,47.72,47.97,47.72,11,47.72,525.54
2015-3-18,47.9,48,47.9,10.306,48,494.594
2015-3-19,48.24,48.4,48.24,41.15,48.4,1987.425
2015-3-20,48.39,48.53,48.3,39.047,48.53,1890.384
2015-3-23,48.53,48.64,48.53,25.5,48.64,1236.795
2015-3-24,48.43,48.43,48.27,8.2,48.4,396.658
2015-3-25,48.29,48.29,48,11.1,48.04,533.674
2015-3-26,47.68,47.86,47.68,12.416,47.86,594.079
2015-3-27,47.63,47.63,47.4,6.1,47.4,289.84
2015-3-30,47.41,47.43,47.41,8.25,47.43,391.33
2015-3-31,47.68,47.68,47.5,69,47.5,3280.54
2015-4-1,47.47,47.47,47.47,2.458,47.47,116.689
2015-4-2,47.7,47.93,47.7,2,47.93,95.63
2015-4-7,48.08,48.08,48.01,5,48.02,240.27
2015-4-9,47.94,47.94,47.71,100.05,47.71,4773.615
2015-4-10,47.94,47.94,47.94,1,47.94,47.94
2015-4-14,48.11,48.11,48.11,1.112,48.11,53.463
2015-4-15,47.71,47.94,47.4,6,47.4,286.02
2015-4-16,47.66,47.89,47.66,7,47.89,335
2015-4-17,47.71,47.76,47.68,32.1,47.68,1532.358
2015-4-20,47.5,47.5,47.46,8,47.46,379.76
2015-4-21,47.69,47.69,47.49,5,47.49,237.97
2015-4-22,47.66,47.92,47.66,5,47.92,239.23
2015-4-23,48.16,48.9,48.16,109,48.9,5324.13
2015-4-24,49.14,49.65,49.14,69,49.38,3418.02
2015-4-27,49.19,49.84,49.19,295.274,49.74,14691.451
2015-4-28,49.78,49.78,49.57,11,49.64,546.29
2015-4-29,49.55,49.55,49.31,2.012,49.31,99.45
2015-4-30,49.1,49.13,49.1,6,49.13,294.63
2015-5-4,49.1,49.1,49.09,9,49.09,441.83
2015-5-5,49.08,49.08,49.07,3.352,49.07,164.523
2015-5-6,48.83,48.83,48.83,6.45,48.83,315.061
2015-5-7,48.85,48.85,48.61,3,48.62,146.08
2015-5-8,48.4,48.4,48.4,4,48.4,193.6
2015-5-11,48.79,48.79,48.31,37.55,48.34,1815.696
2015-5-13,48.59,48.59,48.51,7.04,48.51,341.583
2015-5-14,48.5,48.5,47.93,383.1,47.93,18403.25
2015-5-15,48,48,47.78,7,47.78,334.68
2015-5-18,47.94,48.09,47.94,16,48.09,768.84
2015-5-19,48.33,48.6,48.33,2.007,48.6,97.266
2015-5-20,48.36,48.39,48.36,2,48.39,96.75
2015-5-21,48.15,48.15,47.91,94.223,47.91,4534.872
2015-5-22,48,48.23,48,11,48.2,529.77
2015-5-25,48.08,48.22,48,41,48.22,1971.81
2015-5-26,48.49,48.49,48.49,1.246,48.49,60.4
2015-5-27,48.46,48.46,48.46,4,48.46,193.84
2015-5-28,48.74,48.74,48.5,13.01,48.5,631.675
2015-5-29,48.38,48.48,48.38,2.1,48.48,101.7
2015-6-1,48.24,48.24,48.08,2.713,48.08,130.672
2015-6-2,48,48.11,48,23,48.11,1106.31
2015-6-3,48.01,48.01,47.7,6,47.7,286.71
2015-6-4,47.47,47.47,46.57,19,46.78,889.56
2015-6-5,46.55,46.64,46.4,7.8,46.64,363.132
2015-6-8,46.59,47.04,46.36,13.999,47.04,652.952
2015-6-9,46.81,46.81,46.37,4.154,46.37,193.591
2015-6-10,46.6,46.68,46.6,2,46.68,93.28
2015-6-11,46.65,46.65,46.39,11,46.39,511.36
2015-6-12,46.62,46.62,46.46,3,46.46,139.66
2015-6-15,46.49,46.49,46.23,4,46.27,185.45
2015-6-16,46.27,46.27,45.87,24.25,46.02,1116.185
2015-6-17,46.11,46.11,46.11,2,46.11,92.22
2015-6-22,46.64,46.77,46.64,20,46.77,935.26
2015-6-23,47,47.05,47,3,47.05,141.1
2015-6-24,46.96,46.96,46.9,4,46.9,187.72
2015-6-25,47.26,47.4,47.26,8,47.3,378.46
2015-6-26,47.26,47.32,47.26,8,47.31,378.37
2015-6-29,46.52,46.76,46.52,5.257,46.53,244.827
2015-6-30,46.57,46.74,46.57,8,46.74,373.67
2015-7-1,46.97,47.32,46.97,17.646,47.29,832.752
2015-7-2,47.25,47.42,47.21,41,47.39,1939.82
2015-7-3,47.15,47.21,46.87,19,47.21,893.3
2015-7-6,46.88,46.89,46.8,3,46.8,140.57
2015-7-7,47.03,47.11,46.77,7,46.8,328.62
2015-7-8,46.52,46.52,45.47,9.1,45.47,419.8
2015-7-9,44.24,45.18,44.23,25,45.15,1112.19
2015-7-13,45.74,45.74,45.42,13.1,45.66,597.186
2015-7-14,45.97,46.07,45.9,15.051,45.9,691.831
2015-7-15,46.37,46.37,45.79,15.22,45.98,704.232
2015-7-16,46.36,46.36,46,11.22,46,519.474
2015-7-17,46.07,46.07,46.07,1,46.07,46.07
2015-7-20,46.77,46.77,45.77,5.855,45.77,270.483
2015-7-21,45.8,45.8,45.75,12,45.77,549.25
2015-7-22,45.55,45.55,45.51,3,45.51,136.59
2015-7-23,45.28,45.28,44.8,20.747,45,933.634
2015-7-24,44.78,44.78,44.72,9,44.72,402.61
2015-7-27,44.49,44.49,44.03,8,44.03,352.96
2015-7-28,44.13,44.25,43.91,13,44.25,574.06
2015-7-29,44.2,44.2,43.98,2,43.98,88.18
2015-7-30,44.19,44.53,44.19,16,44.37,710.85
2015-7-31,44.3,44.3,44.17,2,44.17,88.47
2015-8-3,43.94,43.94,43.7,6.935,43.76,303.615
2015-8-4,44.02,44.1,43.54,13,43.54,568.27
2015-8-5,43.76,43.97,43.76,7.668,43.97,337.038
2015-8-6,43.97,43.97,43.3,21.755,43.3,945.944
2015-8-7,43.24,43.45,43.24,3,43.4,130.09
2015-8-10,43.28,43.68,43.25,50,43.68,2170.24
2015-8-11,47.29,47.29,43.49,7,43.49,313.89
2015-8-12,43.25,43.25,42.5,68.459,42.73,2926.612
2015-8-13,42.94,42.94,42.87,4,42.87,171.55
2015-8-14,42.97,42.97,42.88,35,42.94,1502.11
2015-8-17,42.73,42.73,42.51,3.2,42.51,136.26
2015-8-18,42.4,42.4,42.21,2,42.21,84.61
2015-8-19,42.03,42.03,41.4,42.2,41.4,1757.586
2015-8-20,41.2,41.6,41.16,26.25,41.38,1082.492
2015-8-21,40.95,40.95,40.4,7.2,40.44,291.994
2015-8-24,39.76,39.76,37.4,58.179,38.47,2221.726
2015-8-25,38.49,39.77,38.49,136,39.77,5323.35
2015-8-26,39.56,40.06,39.16,87.298,40.05,3464.694
2015-8-27,40.32,40.61,40.29,53,40.5,2145.94
2015-8-28,41.5,41.52,41.5,2,41.52,83.02
2015-8-31,41.64,42.3,41.32,7,42.3,291.2
2015-9-1,42.02,42.02,41.41,65.961,41.51,2739.361
2015-9-2,41.15,41.63,41.07,77,41.62,3171.42
2015-9-3,41.9,41.9,41.7,8,41.89,334.28
2015-9-4,41.92,41.92,41.6,5.2,41.6,216.906
2015-9-7,41.57,41.57,41.52,40,41.52,1661.8
2015-9-9,42.32,43,42.32,19,43,811.28
2015-9-10,42.9,42.9,42.9,2,42.9,85.8
2015-9-11,42.98,43.08,42.98,2,43.08,86.06
2015-9-14,43.35,43.35,43.13,3.05,43.13,131.987
2015-9-15,43.03,43.04,41.81,73,42.83,3113.5
2015-9-16,43.1,43.11,43.02,18,43.02,774.78
2015-9-17,43.55,43.77,43.55,4,43.77,174.79
2015-9-21,43.52,43.52,43.24,3.01,43.24,130.501
2015-9-22,43.15,43.15,43.15,29,43.15,1251.35
2015-9-23,42.86,42.87,42.45,11.1,42.45,474.425
2015-9-24,42.63,42.63,42.2,4,42.2,169.86
2015-9-25,42.2,42.2,41.97,6,42.18,252.29
2015-10-1,42.33,43,42.33,6.5,43,277.28
2015-10-2,42.86,43.05,42.86,30,43.05,1288.65
2015-10-5,43.26,43.26,43.26,5.06,43.26,218.895
2015-10-6,43.61,43.87,43.55,6.05,43.55,264.067
2015-10-7,43.5,44,43.5,6,44,263.13
2015-10-8,44.1,44.1,44,3,44,132.2
2015-10-12,44,44.38,44,91,44.38,4036.6
2015-10-14,44.2,44.2,43.13,159,44.09,6944.32
2015-10-15,44.46,44.72,44.46,47,44.57,2094.06
2015-10-16,44.35,44.41,44.35,105.06,44.41,4659.771
2015-10-19,44.71,44.71,44.71,2.07,44.71,92.549
2015-10-20,44.8,44.8,44.78,2.53,44.78,113.317
2015-10-21,44.71,44.71,44.58,2.1,44.58,93.72
2015-10-22,44.6,44.6,44.59,2.4,44.59,107.03
2015-10-23,45.06,45.06,44.9,3.048,44.9,137.176
2015-10-26,45.1,45.29,45.1,31.999,45.29,1446.653
2015-10-27,43.56,43.56,43.26,25.804,43.28,1118.12
2015-10-28,43.21,43.21,43.21,1.1,43.21,47.543
2015-10-29,43,43,42.9,7.43,42.95,319.204
2015-10-30,42.84,42.84,42.55,5,42.76,213.54
2015-11-2,42.76,42.92,42.76,22,42.92,940.94
2015-11-3,43.13,43.46,43.13,12,43.44,520.92
2015-11-4,43.68,44.28,43.68,203,44.15,8975.07
2015-11-5,44.15,44.15,44.15,7.459,44.15,329.346
2015-11-6,43.9,43.9,43.48,3.05,43.48,133.242
2015-11-9,43.3,43.3,43.09,2.2,43.09,95.025
2015-11-10,42.89,42.89,42.56,3.2,42.56,136.744
2015-11-11,42.53,42.53,42.06,34.5,42.09,1465.87
2015-11-12,42,42,42,1,42,42
2015-11-13,41.8,41.8,41.67,17.871,41.67,745.153
2015-11-16,41.14,41.38,41.05,24.081,41.27,993.373
2015-11-17,41.84,42.22,41.84,15.019,42.09,632.768
2015-11-18,41.88,41.88,41.67,2.51,41.67,104.766
2015-11-19,41.88,41.99,41.88,7,41.99,293.82
2015-11-20,42.11,42.11,42.11,2,42.11,84.22
2015-11-24,41.97,41.97,41.97,2.06,41.97,86.454
2015-11-25,41.74,41.74,41.7,3,41.71,125.15
2015-11-26,41.91,42.26,41.91,12,42.26,504.88
2015-11-27,42.05,42.05,42.05,1.585,42.05,66.56
2015-11-30,41.38,41.38,41.14,9.1,41.17,375.35
2015-12-1,41.63,41.95,41.63,4.169,41.95,174.728
2015-12-2,42.15,42.15,42.15,1,42.15,42.15
2015-12-3,41.91,42.11,41.91,2.023,42.11,84.989
2015-12-4,41.87,41.87,41.67,2.509,41.67,104.85
2015-12-7,42.14,42.36,42.14,2,42.36,84.5
2015-12-8,42.09,42.09,41.57,5,41.57,209.04
2015-12-9,41.44,41.44,41.19,13.31,41.19,549.988
2015-12-10,40.87,40.87,40.57,6.3,40.85,256.998
2015-12-11,40.71,40.73,40.48,6.1,40.48,247.617
2015-12-14,39.98,39.98,39.79,3,39.98,119.75
2015-12-15,40.24,40.24,40.2,2,40.2,80.44
2015-12-16,40.59,40.79,40.45,5,40.59,203.07
2015-12-17,40.88,41.08,40.88,2,41.08,81.96
2015-12-18,40.95,41.16,40.95,12.215,41.16,500.675
2015-12-21,40.89,40.92,40.89,6,40.92,245.47
2015-12-22,41.17,41.17,41.17,1,41.17,41.17
2015-12-23,41.6,41.6,41.47,4,41.47,166.12
2015-12-24,41.62,41.62,41.41,3,41.41,124.65
2015-12-28,41.6,41.6,41.6,8,41.6,332.8
2015-12-29,41.18,41.18,41.18,2.55,41.18,104.91
2016-1-4,40.43,40.43,40.4,28.509,40.4,1152.257
2016-1-5,40.23,40.23,40.1,3.2,40.1,128.468
2016-1-6,39.84,39.84,39.69,4.2,39.69,166.95
2016-1-7,39.3,39.3,38.73,4.3,38.73,168.045
2016-1-8,38.81,39.21,38.79,17,39.21,662.01
2016-1-11,38.97,38.97,38.39,20.2,38.63,780.528
2016-1-12,38.84,38.84,38.39,21.126,38.54,816.917
2016-1-13,38.81,39,38.81,6.06,38.82,235.796
2016-1-15,38.8,38.8,38.35,15,38.35,577.96
2016-1-18,38.3,38.5,38.26,3.07,38.26,117.776
2016-1-19,38.6,38.82,38.6,8.746,38.82,338.591
2016-1-20,38.55,38.6,38.27,379,38.27,14612.79
2016-1-21,38.26,38.26,38.13,2.328,38.13,88.896
2016-1-22,38.38,38.52,38.38,11,38.46,422.4
2016-1-25,38.92,39.03,38.92,3,39.03,116.98
2016-1-26,38.81,38.81,38.81,1,38.81,38.81
2016-1-28,39.3,39.3,39.3,1,39.3,39.3
2016-1-29,39.92,39.92,39.83,20,39.83,796.72
2016-2-1,40.27,40.27,40.27,3.848,40.27,155.238
2016-2-2,40,40,40,1.819,40,72.989
2016-2-3,39.8,39.91,39.8,9,39.91,358.99
2016-2-15,39.92,39.92,39.92,1.47,39.92,58.748
2016-2-16,40.49,40.5,40.49,3,40.5,121.48
2016-2-18,40.9,41.06,40.9,8,41.05,328.29
2016-2-22,41.05,41.1,41.05,2,41.1,82.15
2016-2-24,41.1,41.1,40.99,3,40.99,123.18
2016-2-25,41.34,41.34,41.34,1,41.34,41.34
2016-2-26,41.5,41.5,41.5,1,41.5,41.5
2016-3-1,41.8,41.81,41.8,2,41.81,83.61
2016-3-2,42.19,42.25,42.19,18.213,42.22,768.888
2016-3-3,42.5,42.52,42.5,5,42.5,212.52
2016-3-4,42.38,42.59,42.38,8,42.59,339.78
2016-3-8,42.63,42.65,42.32,6,42.55,254.88
2016-3-9,42.34,42.34,42.34,1,42.34,42.34
2016-3-11,42.66,43,42.66,13,43,554.92
2016-3-14,43.3,43.3,43.05,3.187,43.05,137.497
2016-3-15,43.06,43.07,43.06,4,43.07,172.25
2016-3-16,42.84,42.84,42.71,16,42.75,683.57
2016-3-17,43.36,43.37,43.05,13.303,43.05,576.483
2016-3-18,43.35,43.4,43.35,7,43.35,303.7
2016-3-21,43.25,43.28,43.25,2,43.28,86.53
2016-3-24,43,43.27,43,8,43.03,344.69
2016-3-28,43,43,43,2,43,86
2016-3-30,43.22,43.23,43.22,17,43.23,734.76
2016-3-31,43.16,43.16,43.13,75,43.13,3236.1
2016-4-1,42.82,42.82,42.82,1.1,42.82,47.099
2016-4-6,41.93,41.93,41.93,1,41.93,41.93
2016-4-7,42,42.04,42,2,42.04,84.04
2016-4-8,42,42,41.94,3,41.95,125.89
2016-4-11,42.2,42.2,42.2,1,42.2,42.2
2016-4-12,42.39,42.39,42.39,1.03,42.39,43.657
2016-4-13,42.63,42.65,42.59,3,42.65,127.87
2016-4-14,43,43,42.8,3,42.8,128.8
2016-4-18,42.8,42.8,42.8,1,42.8,42.8
2016-4-19,42.7,42.7,42.7,1.1,42.7,46.977
2016-4-22,42.18,42.18,42.1,2,42.1,84.28
2016-4-26,42.4,42.4,42.4,1,42.4,42.4
2016-4-27,42.36,42.36,42.36,1,42.36,42.36
2016-4-28,41.98,41.98,41.97,2,41.97,83.95
2016-4-29,41.5,41.51,41.35,4,41.51,165.71
2016-5-3,41.04,41.04,41,3.862,41,162.338
2016-5-4,40.9,40.9,40.6,3,40.6,122.32
2016-5-5,40.5,40.5,40.5,1.505,40.5,61.053
2016-5-6,40.09,40.09,40.09,1,40.09,40.09
2016-5-13,39.7,39.7,39.7,2.2,39.7,87.444
2016-5-16,40,40,40,1,40,40
2016-5-19,40.28,40.28,40.28,2.001,40.28,80.6
2016-5-20,40.22,40.22,40.22,1,40.22,40.22
2016-5-23,40.44,41.25,40.44,3,41.25,122.94
2016-5-24,41.09,41.1,41.09,5,41.1,205.49
2016-5-26,41.39,41.39,41.39,3,41.39,124.17
2016-5-27,41.7,41.86,41.7,24.2,41.81,1011.824
2016-5-30,41.9,42.25,41.9,5,42.25,210.38
2016-6-1,42.09,42.42,42.09,17.41,42.42,732.661
2016-6-2,42.57,42.57,42.32,18,42.34,762.31
2016-6-3,42.33,42.33,42.33,12,42.33,507.96
2016-6-4,42.34,42.38,42.34,20,42.38,846.84
2016-6-7,42.73,42.73,42.73,4,42.73,170.92
2016-6-8,43.15,43.18,42.98,43,43,1853.64
2016-6-14,42.43,42.47,42.43,60,42.46,2546.7
2016-6-22,42.81,43.02,42.79,556,43.02,23843.54
2016-6-23,42.79,42.79,42.79,1,42.79,42.79
2016-6-24,42.32,42.96,42.32,34.2,42.96,1468.594
2016-6-27,42.12,42.12,42.04,5,42.04,210.44
2016-6-30,43.04,43.08,43.04,229,43.08,9860.34
2016-7-1,43.1,43.53,43.1,169,43.53,7290.51
2016-7-4,43.67,43.67,43.67,13,43.67,567.71
2016-7-5,43.5,43.5,43.5,1,43.5,43.5
2016-7-6,42.88,42.88,42.88,3,42.88,128.64
2016-7-7,43.39,43.39,43.39,2,43.39,86.78
2016-7-11,44.06,44.06,44.06,15,44.06,660.9
2016-7-12,44.3,44.3,44.2,65,44.23,2874.18
2016-7-13,44.38,44.38,44.31,80,44.31,3549.75
2016-7-14,44.4,44.5,44.39,140.006,44.5,6224.492
2016-7-15,44.5,44.85,44.5,370.332,44.82,16555.032
2016-7-18,44.9,45.15,44.9,450,45.12,20275.2
2016-7-19,45.16,45.3,45.16,351,45.3,15874.96
2016-7-20,45.1,45.4,45.1,224.066,45.4,10168.289
2016-7-21,45.55,45.75,45.55,6,45.64,273.72
2016-7-25,45.35,45.35,45.08,2.132,45.08,96.454
2016-7-26,45.24,45.41,45.24,4,45.34,181.31
2016-7-28,46,46.04,45.65,3,45.65,137.69
2016-7-29,45.74,45.76,45.56,7,45.56,319.47
2016-8-1,45.56,45.88,45.56,28,45.78,1280.57
2016-8-2,45.8,45.8,45.7,6,45.7,274.61
2016-8-3,45.45,45.45,45.45,2,45.45,90.9
2016-8-4,45.56,45.8,45.56,3,45.8,136.95
2016-8-5,45.9,45.97,45.9,17,45.97,781.42
2016-8-8,46.08,46.24,46.08,3,46.24,138.4
2016-8-9,46.29,46.29,46.29,1,46.29,46.29
2016-8-11,46.43,46.99,46.14,799,46.57,37475.08
2016-8-12,46.6,46.82,46.6,30,46.8,1404.1
2016-8-15,46.81,46.86,46.78,7,46.78,327.68
2016-8-16,46.68,46.68,46.68,15.064,46.68,703.182
2016-8-17,46.4,46.4,46.4,1,46.4,46.4
2016-8-18,46.55,46.55,46.32,4,46.32,185.52
2016-8-19,46,46.02,46,26,46.02,1196.36
2016-8-23,46.25,46.25,46.25,2,46.25,92.5
2016-8-26,46.7,46.7,46.7,6,46.7,280.2
2016-9-6,46.74,46.74,46.74,1.02,46.74,47.674
2016-9-7,47.24,47.24,47.18,3,47.23,141.65
2016-9-8,47.24,47.28,47.24,3.1,47.28,146.49
2016-9-10,46.21,46.25,46.21,4,46.25,184.96
2016-9-13,46.06,46.06,45.98,2,45.98,92.04
2016-9-19,46.5,46.75,46.5,7,46.75,326.95
2016-9-20,46.75,46.75,46.75,1,46.75,46.75
2016-9-21,46.75,46.95,46.72,4,46.95,187.15
2016-9-22,47.35,47.57,47.35,3.063,47.56,145.441
2016-9-30,47,47,47,5,47,235
2016-10-3,47.23,47.23,47.23,1.039,47.23,49.071
2016-10-4,47.33,47.33,47.33,2.01,47.33,95.133
2016-10-11,47.61,47.65,47.61,5,47.65,238.09
2016-10-12,46.96,47.65,46.96,3,47.65,141.62
2016-10-13,47.5,47.5,47.5,1,47.5,47.5
2016-10-14,46.96,46.96,46.96,1,46.96,46.96
2016-10-17,46.87,46.88,46.87,7,46.88,328.15
2016-10-24,47.65,47.65,47.65,6.2,47.65,295.5
2016-10-25,48.04,48.04,48.04,6,48.04,288.24
2016-10-26,48.3,48.32,48.22,11,48.31,531.1
2016-10-27,47.8,47.81,46.92,127.21,46.92,6006.968
2016-10-28,46.38,46.38,46.38,1.2,46.38,55.668
2016-10-31,46.42,46.42,46.42,15,46.42,696.3
2016-11-1,46.16,46.16,46.16,1,46.16,46.16
2016-11-2,45.99,45.99,45.93,2,45.93,91.92
2016-11-9,45.44,45.44,44.57,4,44.57,179.9
2016-11-10,45.65,45.66,45.64,361,45.66,16481.91
2016-11-14,44.63,44.63,44.63,3,44.63,133.89
2016-11-15,44.57,44.57,44.57,2,44.57,89.14
2016-11-16,44.74,44.74,44.74,2.067,44.74,92.477
2016-11-17,44.66,44.66,44.66,1,44.66,44.66
2016-11-28,45.38,45.38,45.38,1,45.38,45.38
2016-12-1,45.79,45.79,45.79,6,45.79,274.74
2016-12-6,45.74,45.74,45.74,6,45.74,274.44
2016-12-8,46.05,46.3,46.05,32,46.2,1478.4
2016-12-12,46.28,46.28,46.17,4,46.17,184.82
2016-12-14,46.4,46.5,46.4,2,46.5,92.9
2016-12-23,45.36,45.38,45.31,3,45.31,136.05
2016-12-28,45.3,45.3,45.3,1,45.3,45.3
2016-12-29,45.72,45.72,45.72,1.037,45.72,47.406
2017-1-5,45.81,45.99,45.81,3,45.99,137.72
2017-1-6,46.2,46.2,46.2,6,46.2,277.2
2017-1-12,46.2,46.52,46.2,25,46.52,1162.68
2017-1-13,46.5,46.5,46.5,1,46.5,46.5
2017-1-18,46.02,46.04,45.6,202,45.78,9275.3
2017-1-19,46,46,45.67,213,45.67,9739.25
2017-1-20,45.67,45.75,45.41,197,45.74,9003.52
2017-1-23,45.91,46.15,45.91,215,46.15,9905.91
2017-1-24,46.24,46.69,46.24,40,46.69,1855.36
2017-2-6,46.66,46.66,46.66,4.249,46.66,198.258
2017-2-10,47.94,47.95,47.94,2,47.95,95.89
2017-2-13,48,48,47.68,4,47.68,191.53
2017-2-14,47.86,47.87,47.81,4,47.81,191.41
2017-2-17,48.03,48.03,48.03,5,48.03,240.15
2017-2-18,48.1,48.1,48.1,1,48.1,48.1
2017-3-2,47.77,47.77,47.77,1.001,47.77,47.817
2017-3-6,47.77,47.77,47.77,1,47.77,47.77
2017-3-7,48.37,48.37,48.33,140,48.33,6766.92
2017-3-8,48.4,48.54,48.4,38.205,48.54,1851.326
2017-3-13,48.17,48.17,48.17,1.097,48.17,52.818
2017-3-20,49.08,49.16,49.08,20,49.16,982
2017-3-21,49.36,49.36,49.36,15,49.36,740.4
2017-3-22,49.12,49.12,49.12,1,49.12,49.12
2017-3-23,49.2,49.2,49.2,15,49.2,738
2017-3-27,49.19,49.19,49.19,2,49.19,98.38
2017-3-30,48.96,48.96,48.96,1,48.96,48.96
2017-4-5,49.28,49.28,49.28,6.212,49.28,306.126
2017-4-6,49.2,49.2,49.2,1.224,49.2,60.176
2017-4-10,49.11,49.11,49.11,1.066,49.11,52.278
2017-4-11,49.11,49.11,49.08,2,49.08,98.19
2017-4-17,48.15,48.15,48.15,15,48.15,722.25
2017-4-18,48.3,48.33,48.3,2.337,48.33,112.934
2017-4-20,47.92,47.92,47.92,1.18,47.92,56.536
2017-5-2,49.38,49.38,49.37,30.202,49.37,1491.221
2017-5-4,49.47,49.47,49.47,1.02,49.47,50.43
2017-5-5,49.37,49.37,49.3,17.541,49.3,865.788
2017-5-8,49.22,49.22,49.22,2.103,49.22,103.511
2017-5-9,49.32,49.32,49.32,1.099,49.32,54.192
2017-5-10,49.4,49.5,49.4,6.02,49.5,297.588
2017-5-11,49.7,49.75,49.59,32,49.59,1591.14
2017-5-12,49.7,49.7,49.69,2,49.69,99.39
2017-5-15,49.72,49.84,49.72,8.148,49.84,405.394
2017-5-16,49.75,49.85,49.75,6.411,49.85,319.214
2017-5-17,49.55,49.55,49.55,3,49.55,148.65
2017-5-22,49.58,49.6,49.58,30,49.6,1487.6
2017-5-25,50.1,50.15,50.05,4,50.15,200.45
2017-5-26,50.2,50.2,50.2,6,50.2,301.2
2017-5-31,50.1,50.1,49.84,3,49.84,149.99
2017-6-1,50.15,50.15,50.05,29.199,50.05,1462.929
2017-6-3,50.3,50.3,50.3,1,50.3,50.3
2017-6-5,50.4,50.5,50.4,5,50.5,252.2
2017-6-6,50.7,50.7,50.7,3.196,50.7,162.047
2017-6-7,50.85,50.85,50.55,5,50.55,253.95
2017-6-8,50.65,50.7,50.65,2,50.7,101.35
2017-6-9,50.8,50.9,50.8,2,50.9,101.7
2017-6-12,50.4,50.4,50.4,9.001,50.4,453.65
2017-6-14,50.3,50.3,50.3,1,50.3,50.3
2017-6-15,50.15,50.15,50.15,2,50.15,100.3
2017-6-16,50.1,50.1,50.1,1,50.1,50.1
2017-6-19,50.5,50.85,50.5,8,50.85,406.45
2017-6-20,51.2,51.2,51.2,5.05,51.2,258.5
2017-6-21,51.3,51.4,51.2,30.202,51.4,1550.52
2017-6-22,51.55,51.55,51.55,2,51.55,103.1
2017-6-23,51.55,51.55,51.55,3.3,51.55,169.77
2017-6-26,52,52.45,52,5,52.45,261.4
2017-6-27,52.6,52.6,52.6,8,52.6,420.8
2017-6-28,52.4,52.4,52.4,2,52.4,104.8
2017-6-29,52.4,52.5,52.4,6,52.5,314.6
2017-6-30,51.9,51.9,51.9,1,51.9,51.9
2017-7-3,52.05,52.2,52.05,30.191,52.2,1575.66
2017-7-5,52.1,52.1,52.1,3,52.1,156.3
2017-7-11,52.25,52.45,52.25,29,52.45,1518.35
2017-7-13,52.85,53,52.85,2,53,105.85
2017-7-17,53.15,53.15,53.1,3,53.1,159.4
2017-7-18,53.1,53.1,53.1,2,53.1,106.2
2017-7-20,53.35,53.35,53.3,11,53.3,586.8
2017-7-21,53.45,53.45,53.3,28,53.3,1494.4
2017-7-24,53.1,53.1,53.05,4,53.05,212.3
2017-7-27,53.5,53.6,53.5,2.052,53.6,109.858
2017-8-1,53.35,53.5,53.35,28.186,53.5,1505.741
2017-8-2,53.7,53.7,53.7,2.001,53.7,107.453
2017-8-3,53.45,53.45,53.45,1,53.45,53.45
2017-8-7,53.95,53.95,53.95,1,53.95,53.95
2017-8-10,53.25,53.25,53.25,2,53.25,106.5
2017-8-11,52.8,53,52.8,28,53,1481.4
2017-8-15,53.2,53.2,53.1,4.2,53.1,223.16
2017-8-16,53.1,53.1,52.95,2,52.95,106.05
2017-8-17,53.1,53.1,53.1,1,53.1,53.1
2017-8-18,53,53,53,1,53,53
2017-8-21,53.1,53.2,53.1,32,53.2,1701.6
2017-8-22,53.45,53.45,53.45,2,53.45,106.9
2017-8-23,53.8,53.8,53.6,2,53.6,107.4
2017-8-24,53.9,53.9,53.9,1,53.9,53.9
2017-8-25,54,54,54,3,54,162
2017-8-28,54.3,54.3,54.3,2,54.3,108.6
2017-8-31,54.75,54.75,54.65,4.015,54.65,219.519
2017-9-1,54.65,54.65,54.6,27.182,54.6,1484.655
2017-9-4,54.4,54.5,54.4,3,54.5,163.35
2017-9-11,54.75,54.75,54.5,28.001,54.5,1529.354
2017-9-12,54.8,54.8,54.7,8,54.7,437.8
2017-9-15,54.3,54.3,54.2,16,54.25,867.6
2017-9-18,54.6,54.6,54.6,2,54.6,109.2
2017-9-19,54.8,54.8,54.7,3,54.7,164.3
2017-9-20,53.9,53.9,53.9,6,53.9,323.4
2017-9-21,54.4,54.6,54.4,27,54.6,1470.7
2017-9-22,53.7,53.7,53.7,7,53.7,375.9
2017-9-26,52.95,52.95,52.95,1.015,52.95,53.724
2017-9-27,53.15,53.15,53.15,1,53.15,53.15
2017-9-30,53.45,53.45,53.45,1,53.45,53.45
2017-10-2,53.8,53.9,53.65,29.185,53.9,1571.324
2017-10-11,54.8,54.95,54.65,38.005,54.65,2082.423
2017-10-17,55.45,55.45,55.4,4,55.4,221.7
2017-10-19,55.3,55.3,55.3,1,55.3,55.3
2017-10-23,55.35,55.5,55.35,28,55.45,1553.4
2017-10-26,55.35,55.35,55.35,2.001,55.35,110.755
2017-10-27,55.3,55.3,55.3,1.001,55.3,55.355
2017-10-30,55.45,55.45,55.45,5.058,55.45,280.445
2017-10-31,53.8,53.8,53.75,7,53.8,376.5
2017-11-1,53.85,54.1,53.85,28.184,54,1523.136
2017-11-2,53.95,53.95,53.95,2.001,53.95,107.953
2017-11-9,53.75,53.75,53.75,1,53.75,53.75
2017-11-13,53.55,53.65,53.4,30,53.4,1607.1
2017-11-15,52.9,52.9,52.9,1.161,52.9,61.457
2017-11-16,53.05,53.2,52.95,4,53.2,212.4
2017-11-17,53.3,53.3,53.3,1,53.3,53.3
2017-11-21,53.5,53.65,53.45,28,53.65,1499.05
2017-11-23,54,54,54,1,54,54
2017-11-27,54,54,53.7,4.1,53.7,221.07
2017-11-28,53.2,53.2,53.2,3.168,53.2,168.579
2017-12-1,54,54,52.55,30.187,53.2,1608.298
2017-12-6,51.9,51.9,51.9,2,51.9,103.8
2017-12-11,52.25,52.25,52.2,28.187,52.25,1472.261
2017-7-4,37.42,37.42,37.42,1,37.42,37.42
2017-7-5,37.42,37.42,37.42,1,37.42,37.42
2017-7-6,36.99,37.28,36.99,2,37.28,74.27
2017-7-10,36.81,36.81,36.81,1,36.81,36.81
2017-7-11,37.62,37.62,37.62,1,37.62,37.62
2017-7-13,38.11,38.11,38.11,1,38.11,38.11
2017-7-17,37.85,37.85,37.85,2,37.85,75.7
2017-7-18,38.13,38.13,38.13,1,38.13,38.13
2017-7-21,38.2,38.2,38.2,1,38.2,38.2
2017-7-24,38.03,38.03,37.79,2,37.79,75.82
2017-7-31,37.46,37.46,37.44,2,37.44,74.9
2017-8-2,37.87,37.87,37.87,1,37.87,37.87
2017-8-3,37.87,37.87,37.87,1,37.87,37.87
2017-8-7,38.38,38.4,38.38,3,38.4,115.16
2017-8-8,38.4,38.4,38.4,1,38.4,38.4
2017-8-9,38.33,38.33,38.33,1,38.33,38.33
2017-8-14,37.25,37.25,37.25,2,37.25,74.5
2017-8-15,37.62,37.62,37.62,1,37.62,37.62
2017-8-16,37.65,37.65,37.65,1,37.65,37.65
2017-8-17,37.78,37.78,37.78,1,37.78,37.78
2017-8-18,37.21,37.21,37.21,1,37.21,37.21
2017-8-21,37.21,37.22,37.21,2,37.22,74.43
2017-8-22,37.56,37.56,37.56,1,37.56,37.56
2017-8-28,38.02,38.02,38.02,1,38.02,38.02
2017-9-1,38.06,38.06,38.06,4,38.06,152.24
2017-9-5,38.43,38.43,38.43,1,38.43,38.43
2017-9-6,38.44,38.44,37.96,8,37.96,304.16
2017-9-7,38.41,38.41,37.83,32,37.87,1212.39
2017-9-11,38.09,38.09,38.09,2,38.09,76.18
2017-9-13,38.28,38.28,37.89,16,37.91,607.06
2017-9-15,38.15,38.15,38.15,1,38.15,38.15
2017-9-18,38.15,38.16,38.15,2,38.16,76.31
2017-9-19,38.3,38.44,38.3,3,38.44,115.04
2017-9-21,38.23,38.23,38.23,1,38.23,38.23
2017-9-25,37.13,37.13,37.11,2,37.11,74.24
2017-9-26,37.4,37.4,37.4,1,37.4,37.4
2017-9-28,36.93,36.93,36.93,2,36.93,73.86
2017-9-30,37.27,37.52,37.27,11,37.52,410.22
2017-10-3,37.89,37.89,37.89,1,37.89,37.89
2017-10-6,38.15,38.15,38.15,1,38.15,38.15
2017-10-11,38.43,38.43,38.43,1,38.43,38.43
2017-10-13,38.62,38.62,38.62,2,38.62,77.24
2017-10-16,38.86,38.86,38.81,2,38.81,77.67
2017-10-17,39.2,39.2,39.2,1,39.2,39.2
2017-10-18,38.87,38.87,38.87,7,38.87,272.09
2017-10-23,39.02,39.02,39.02,2,39.02,78.04
2017-10-25,39.17,39.17,39.17,1,39.17,39.17
2017-10-26,39.16,39.16,38.72,5,38.72,194.04
2017-10-30,39.31,39.31,39.31,1,39.31,39.31
2017-11-1,39.31,39.31,39.31,1,39.31,39.31
2017-11-3,39.38,39.38,39.38,1,39.38,39.38
2017-11-6,39.37,39.37,39.37,2,39.37,78.74
2017-11-7,39.51,39.51,39.51,1,39.51,39.51
2017-11-9,39.43,39.45,39.43,2,39.45,78.88
2017-11-10,39.07,39.07,39.07,2,39.07,78.14
2017-11-13,38.84,38.84,38.82,2,38.82,77.66
2017-11-14,39.04,39.04,39.04,1,39.04,39.04
2017-11-15,38.82,38.82,38.74,3,38.74,116.34
2017-11-16,38.76,38.76,38.76,1,38.76,38.76
2017-11-17,39.12,39.12,39.12,1,39.12,39.12
2017-11-20,38.63,38.63,38.63,4,38.63,154.52
2017-11-21,39.09,39.09,39.09,1,39.09,39.09
2017-11-22,39.31,39.31,39.31,1,39.31,39.31
2017-11-27,38.91,38.91,38.91,2,38.91,77.82
2017-12-1,38.09,38.09,38.09,1,38.09,38.09
2017-12-4,37.86,37.86,37.86,1,37.86,37.86
2017-12-5,38.15,38.15,38.15,1,38.15,38.15
2017-12-6,37.76,37.76,37.63,6,37.63,226.19
2017-12-7,37.32,37.32,37.32,1,37.32,37.32
2017-12-8,37.06,37.06,36.96,7,37,259
2017-12-11,37.38,37.38,37.38,1,37.38,37.38
2016-12-27,39.29,39.29,39.27,3,39.27,117.85
2016-12-29,39.78,39.78,39.78,1,39.78,39.78
2017-1-4,40.14,40.14,40.14,1,40.14,40.14
2017-1-6,40.28,40.28,40.25,13,40.27,523.47
2017-1-9,40.66,40.66,40.65,3,40.65,121.97
2017-1-10,40.32,40.32,40.32,1,40.32,40.32
2017-1-12,40.63,40.63,40.57,5,40.57,202.98
2017-1-13,40.82,40.82,40.82,1,40.82,40.82
2017-1-17,40.72,40.73,40.72,2,40.73,81.45
2017-1-18,40.42,40.48,40.41,7,40.41,283.1
2017-1-19,40.26,40.34,40.17,8,40.29,322.26
2017-1-20,39.13,40.43,39.13,8,40.43,321.67
2017-1-23,39.32,40.76,39.32,10,40.7,405.29
2017-1-24,40.85,41.04,40.8,8,40.8,326.89
2017-2-2,41.25,41.26,41.05,4,41.05,164.81
2017-2-3,41.03,41.03,41.01,2,41.01,82.04
2017-2-6,41.17,41.17,41.06,4.073,41.06,167.393
2017-2-7,41.32,41.32,41.24,8,41.24,330.16
2017-2-8,41.32,41.32,41.2,13,41.23,536.26
2017-2-13,42.12,42.12,42.12,6,42.12,252.72
2017-2-14,42.52,42.52,42.52,1,42.52,42.52
2017-2-15,42.7,42.7,42.7,1,42.7,42.7
2017-2-16,42.9,42.9,42.72,3,42.72,128.38
2017-2-17,42.64,42.64,42.32,5,42.32,212.86
2017-2-20,42.67,42.67,42.67,1,42.67,42.67
2017-2-21,42.37,42.37,42.37,1,42.37,42.37
2017-2-23,42.72,42.72,42.63,4,42.63,170.78
2017-2-24,42.65,42.65,42.65,1,42.65,42.65
2017-3-1,42.16,42.16,42.16,1,42.16,42.16
2017-3-2,42.38,42.38,42.38,3.071,42.38,130.122
2017-3-3,42.29,42.29,42.03,3,42.05,126.37
2017-3-6,42.22,42.22,42.15,2,42.15,84.37
2017-3-7,42.28,42.33,42.15,4,42.15,169.09
2017-3-8,42.32,42.32,42.31,2,42.31,84.63
2017-3-9,42,42,41.93,2,41.93,83.93
2017-3-10,41.77,41.77,41.77,6.144,41.77,257.261
2017-3-14,42.01,42.3,41.97,19,42.3,800.66
2017-3-15,42.2,42.2,42.2,1,42.2,42.2
2017-3-16,42.34,42.76,42.34,7,42.76,296.8
2017-3-17,42.76,42.85,42.59,18,42.59,768.14
2017-3-20,42.91,42.91,42.62,3.2,42.62,136.82
2017-3-21,43.07,43.07,43.07,1,43.07,43.07
2017-3-22,42.55,42.66,42.55,10,42.65,426.31
2017-3-23,42.88,42.96,42.88,3,42.95,128.79
2017-3-24,42.56,42.87,42.56,2.072,42.87,88.482
2017-3-27,42.74,42.74,42.74,1,42.74,42.74
2017-3-28,42.87,43,42.87,3,43,128.86
2017-3-29,42.86,42.86,42.86,2.263,42.86,97.253
2017-3-31,42.75,42.75,42.75,4.778,42.75,204.259
2017-4-6,43.39,43.39,43.39,2.144,43.39,93.027
2017-4-7,43.28,43.28,43.1,3,43.1,129.63
2017-4-10,43.04,43.04,42.86,12,42.87,514.69
2017-4-13,43.09,43.09,43.09,1,43.09,43.09
2017-4-14,42.56,42.59,42.56,2,42.59,85.15
2017-4-17,42.48,42.5,42.47,4,42.5,169.92
2017-4-18,42.94,42.94,42.94,2,42.94,85.88
2017-4-20,42.58,42.58,42.35,21,42.35,891.67
2017-4-25,43.04,43.05,43.04,3,43.05,129.14
2017-4-26,43.35,43.35,43.35,1.072,43.35,46.759
2017-4-27,43.4,43.4,43.39,3,43.39,130.19
2017-4-28,43.2,43.2,43.2,6,43.2,259.2
2017-5-2,43.64,43.64,43.64,1,43.64,43.64
2017-5-3,43.81,43.83,43.58,3,43.83,131.22
2017-5-4,43.71,43.71,43.71,1,43.71,43.71
2017-5-5,43.5,43.5,43.5,11,43.5,478.5
2017-5-8,43.44,43.44,43.44,1,43.44,43.44
2017-5-9,43.88,43.88,43.85,3,43.85,131.58
2017-5-10,43.4,43.48,43.4,2,43.48,86.88
2017-5-11,43.48,43.48,43.48,3,43.48,130.44
2017-5-15,43.84,43.84,43.84,1,43.84,43.84
2017-5-16,43.94,43.94,43.94,1,43.94,43.94
2017-5-17,43.67,43.67,43.67,2,43.67,87.34
2017-5-19,43.18,43.18,43.18,6,43.18,259.08
2017-5-22,43.21,43.23,43.19,9,43.23,389.01
2017-5-23,43.7,43.7,43.67,3,43.67,131.07
2017-5-25,43.87,43.87,43.82,20,43.82,876.9
2017-5-26,44.12,44.15,44.12,2,44.15,88.27
2017-5-31,44.15,44.15,44.08,4,44.08,176.41
2017-6-1,44,44,43.69,2,43.69,87.69
2017-6-2,43.69,43.97,43.69,6,43.97,263.54
2017-6-3,44.18,44.18,44.18,1,44.18,44.18
2017-6-5,44.21,44.21,44.21,1,44.21,44.21
2017-6-6,44.33,44.33,44.31,2,44.31,88.64
2017-6-7,44.31,44.39,44.31,4,44.33,177.42
2017-6-8,44.46,44.46,44.46,1,44.46,44.46
2017-6-12,43.78,43.78,43.75,15,43.75,656.41
2017-6-13,43.54,43.54,43.5,6,43.5,261.08
2017-6-14,43.5,43.67,43.5,4,43.67,174.34
2017-6-15,43.62,43.62,43.62,11,43.62,479.82
2017-6-19,43.8,44.48,43.8,12,44.48,528.82
2017-6-20,44.75,44.75,44.75,2,44.75,89.5
2017-6-21,44.62,44.66,44.51,65,44.51,2897.97
2017-6-22,44.66,44.8,44.66,4,44.8,179.06
2017-6-23,44.96,44.96,44.95,6,44.95,269.73
2017-6-26,46,46,46,1,46,46
2017-6-27,46.14,46.14,46.14,4,46.14,184.56
2017-6-29,46.04,46.04,46.04,1,46.04,46.04
2017-7-4,46,46.09,45.71,3,45.71,137.8
2017-7-7,45.88,45.88,45.88,3,45.88,137.64
2017-7-10,45.85,45.85,45.4,3,45.4,136.67
2017-7-11,45.8,45.8,45.8,1,45.8,45.8
2017-7-12,46.59,46.59,46.59,1,46.59,46.59
2017-7-13,46.55,46.55,46.55,2,46.55,93.1
2017-7-17,46.82,46.82,46.82,1.128,46.82,52.812
2017-7-18,46.9,46.93,46.9,2,46.93,93.83
2017-7-19,47.41,47.41,47.41,1,47.41,47.41
2017-7-20,47.39,47.39,47.39,1,47.39,47.39
2017-7-21,46.66,46.66,46.66,1,46.66,46.66
2017-7-25,47.19,47.19,47.19,3,47.19,141.57
2017-7-26,47.31,47.31,46.9,2,46.9,94.21
2017-7-27,47,47.01,46.95,7,47.01,328.95
2017-7-28,47.24,47.24,47.24,1,47.24,47.24
2017-7-31,47.24,47.24,46.89,2,46.89,94.13
2017-8-1,46.91,46.91,46.91,1.2,46.91,56.292
2017-8-2,47.48,47.48,47.48,1.099,47.48,52.182
2017-8-3,47.32,47.32,47.32,1,47.32,47.32
2017-8-4,47.4,47.4,47.4,1,47.4,47.4
2017-8-7,48.07,48.07,48.07,1,48.07,48.07
2017-8-8,48.56,48.7,48.19,49,48.19,2374.37
2017-8-9,47.65,47.65,47.65,30,47.65,1429.5
2017-8-10,46.9,46.9,46.9,1,46.9,46.9
2017-8-11,47.19,47.19,47.19,1,47.19,47.19
2017-8-14,47.17,47.17,47.17,1,47.17,47.17
2017-8-15,46.88,46.88,46.84,5,46.84,234.29
2017-8-16,46.96,46.96,46.96,8,46.96,375.68
2017-8-17,47.42,47.42,47.42,2,47.42,94.84
2017-8-22,47.64,47.64,47.64,1,47.64,47.64
2017-8-23,47.65,47.65,47.6,6,47.62,285.77
2017-8-25,48.35,48.35,48.35,1,48.35,48.35
2017-8-28,48.41,48.41,48.41,2,48.41,96.82
2017-8-29,48.23,48.23,48.1,13,48.21,626.61
2017-8-31,48.41,48.41,48.41,1,48.41,48.41
2017-9-1,48.72,48.9,48.6,426,48.6,20761.83
2017-9-4,48.46,48.8,48.46,75,48.8,3650.86
2017-9-5,48.66,48.66,48.65,2,48.65,97.31
2017-9-7,48.73,48.74,48.73,3,48.74,146.21
2017-9-8,48.67,48.67,48.67,1,48.67,48.67
2017-9-13,48.17,48.17,48.15,2,48.15,96.32
2017-9-15,47.96,47.96,47.96,1,47.96,47.96
2017-9-19,48.42,48.43,48,3,48,144.85
2017-9-20,47.54,47.54,47.54,1,47.54,47.54
2017-9-22,47.15,48,47.15,96,47.6,4571.76
2017-9-25,47.49,47.49,46.57,26,46.6,1221.75
2017-9-26,46.74,47.1,46.74,3,47.1,140.94
2017-9-27,46.73,47.19,46.61,9,47.13,422.53
2017-9-28,46.91,46.91,46.91,1,46.91,46.91
2017-9-29,46.59,46.59,45.9,5,45.9,231.12
2017-10-2,46.88,46.89,46.81,4,46.81,187.43
2017-10-3,46.96,46.99,46.96,2,46.99,93.95
2017-10-5,47.04,47.04,47.04,1,47.04,47.04
2017-10-6,46.94,46.94,46.71,15,46.71,701.04
2017-10-11,47.54,47.66,47.54,3,47.66,142.83
2017-10-12,47.57,47.57,47.57,1,47.57,47.57
2017-10-13,47.44,47.44,47.44,1,47.44,47.44
2017-10-17,47.86,47.86,47.86,2,47.86,95.72
2017-10-18,47.69,47.69,47.69,1,47.69,47.69
2017-10-19,47.59,47.59,47.53,3,47.53,142.65
2017-10-20,47.4,47.4,47.4,1,47.4,47.4
2017-10-24,47.1,47.13,47.1,8,47.13,376.98
2017-10-26,47.47,47.5,47.47,2,47.5,94.97
2017-10-27,47.66,47.66,47.63,3,47.63,142.94
2017-10-30,47.51,47.51,47.51,1,47.51,47.51
2017-10-31,47.42,47.42,47.33,4,47.33,189.5
2017-11-2,47.56,47.56,47.56,1,47.56,47.56
2017-11-3,47.8,47.8,47.8,1,47.8,47.8
2017-11-6,47.88,47.88,47.88,1,47.88,47.88
2017-11-7,47.84,47.84,47.81,3,47.81,143.49
2017-11-8,47.73,47.73,47.73,1,47.73,47.73
2017-11-9,47.46,47.46,47.46,1,47.46,47.46
2017-11-10,46.95,46.95,46.95,1,46.95,46.95
2017-11-14,47,47,46.71,2,46.71,93.71
2017-11-15,46.6,46.6,46.6,1,46.6,46.6
2017-11-17,46.63,46.63,46.55,12,46.58,558.94
2017-11-21,46.75,46.75,46.75,1,46.75,46.75
2017-11-22,46.63,46.7,46.53,40,46.69,1866.2
2017-11-23,46.98,46.99,46.98,3,46.98,140.95
2017-11-28,46.69,46.7,46.68,3,46.68,140.07
2017-11-29,46.77,46.77,46.77,1,46.77,46.77
2017-11-30,46.19,46.19,46.19,1,46.19,46.19
2017-12-1,45.86,45.97,45.86,16,45.97,734.07
2017-12-4,45.97,45.97,45.4,17,45.4,775.2
2017-12-5,45.4,45.57,45.38,17,45.53,773.58
2017-12-6,45.28,45.28,45.02,7,45.02,315.76
2017-12-7,44.97,44.99,44.97,2,44.99,89.96
2017-12-8,44.89,44.89,44.89,1,44.89,44.89
2016-6-4,27.32,27.32,27.19,8,27.19,218.04
2016-6-6,27.37,27.37,27.31,5,27.32,136.69
2016-6-7,27.52,27.75,27.52,105,27.66,2901.17
2016-6-8,27.91,27.92,27.77,10,27.82,278.74
2016-6-13,27.46,27.46,26.83,39,27.33,1063.06
2016-6-14,27.22,27.44,27.21,10,27.44,272.85
2016-6-15,27.32,27.55,27.29,42,27.55,1151.83
2016-6-16,27.45,27.45,27.18,10,27.18,272.07
2016-6-17,27.45,27.57,27.32,23,27.32,632.21
2016-6-20,27.66,27.66,27.53,7,27.55,193.06
2016-6-21,27.7,27.8,27.62,22,27.67,609.14
2016-6-22,26.82,27.79,26.82,16,27.79,442.56
2016-6-23,27.79,27.79,27.72,3,27.72,83.3
2016-6-24,27.81,27.81,26.89,55,26.96,1516.07
2016-6-27,27.1,27.24,27.1,36,27.24,978.32
2016-6-28,27.38,27.45,27.35,12,27.45,328.71
2016-6-29,27.8,27.83,27.72,9,27.77,249.92
2016-6-30,27.82,28.12,27.82,22,28.12,616.26
2016-7-1,28.32,28.44,28.32,18,28.44,511.07
2016-7-4,28.45,28.71,28.42,28,28.52,798
2016-7-5,28.52,28.52,28.52,2,28.52,57.04
2016-7-6,27.94,28,27.63,15,27.91,418.3
2016-7-7,28.13,28.4,28.13,11,28.26,310.58
2016-7-11,28.87,28.92,28.77,45,28.92,1299.26
2016-7-12,28.99,29.11,28.99,34,29.02,987.75
2016-7-13,29.01,29.01,28.92,12,28.92,347.48
2016-7-14,29.04,29.09,29.04,15,29.09,435.75
2016-7-15,29.2,29.35,29.2,41.05,29.35,1201.986
2016-7-18,29.45,29.56,29.45,25.188,29.56,743.798
2016-7-19,29.7,29.7,29.51,36,29.59,1064.3
2016-7-20,29.58,29.62,29.57,37,29.6,1094.74
2016-7-21,29.65,30.01,29.65,85.1,29.98,2546.23
2016-7-22,29.78,29.79,29.68,58,29.68,1724.81
2016-7-25,29.8,29.92,29.33,43,29.42,1270.77
2016-7-26,29.62,29.7,29.62,27,29.7,801.15
2016-7-27,30.06,30.1,30.01,56,30.01,1683.85
2016-7-28,29.89,30.15,29.89,43,30,1290.43
2016-7-29,30.02,30.02,29.9,22,29.9,659.53
2016-8-1,30.05,30.15,30.01,92,30.15,2768.31
2016-8-2,30.25,30.3,30.11,1119,30.2,33774.37
2016-8-3,29.92,29.97,29.92,10,29.92,299.3
2016-8-4,29.99,30.03,29.8,25,29.91,748.66
2016-8-5,29.9,30.3,29.9,12.05,30.29,363.37
2016-8-8,30.29,30.33,30.25,32,30.27,969.27
2016-8-9,30.4,30.61,30.4,99,30.5,3021.98
2016-8-10,30.47,30.48,30.34,80,30.42,2431.83
2016-8-11,30.44,30.44,29.86,53,30.23,1603.63
2016-8-12,30.3,30.3,30.09,33,30.09,993.98
2016-8-15,30.09,30.31,30.09,123,30.3,3719.98
2016-8-16,30.3,30.39,30.11,55,30.21,1666.68
2016-8-17,30.17,30.32,30.17,73.025,30.28,2209.9
2016-8-18,30.25,30.25,30.03,19,30.07,571.17
2016-8-19,30.24,30.24,30.18,7,30.18,211.54
2016-8-22,29.79,29.88,29.63,41,29.78,1221.52
2016-8-23,30.02,30.02,29.84,18,29.93,539.1
2016-8-24,30.1,30.1,29.93,18,29.99,539.48
2016-8-25,30.18,30.3,30.14,65.1,30.3,1967.94
2016-8-26,30.31,30.55,30,64,30.55,1940.54
2016-8-29,30.05,30.21,30.05,14,30.21,421.4
2016-8-30,30.4,30.48,30.17,16,30.25,484.91
2016-8-31,30.35,30.43,30.3,3,30.3,91.08
2016-9-1,29.92,30,28.93,49,30,1461.12
2016-9-2,30.4,30.4,30.19,6,30.19,181.79
2016-9-5,30.37,30.45,30.37,11,30.45,334.76
2016-9-6,30.6,30.7,30.55,82,30.7,2514.46
2016-9-7,30.7,31.12,30.7,129.35,31.12,4018.53
2016-9-8,31.01,31.1,31,45,31.06,1396.27
2016-9-9,30.87,30.87,30.67,9,30.7,276.78
2016-9-10,30.13,30.14,30.09,29,30.09,873.56
2016-9-12,29.98,29.98,29.9,9,29.94,269.59
2016-9-13,29.72,30.03,29.72,7,29.9,209.61
2016-9-14,30,30.02,30,3,30,90.02
2016-9-19,30.6,31.13,30.6,81.1,31.08,2508.43
2016-9-20,31.07,31.07,30.95,8,31.07,248.2
2016-9-21,31.09,31.1,30.83,11,31.1,340.91
2016-9-22,31.1,31.1,30.99,26,30.99,807.01
2016-9-23,31.17,31.2,31.15,77,31.18,2399.96
2016-9-26,31,31,31,17,31,527
2016-9-29,30.52,31.46,30.52,76,31.1,2373.18
2016-9-30,31.2,31.2,30.98,32,31.11,991.93
2016-10-3,31.05,31.09,31.05,12,31.09,373.04
2016-10-4,31.09,31.3,31.09,15.01,31.3,468.286
2016-10-5,31.26,31.3,31.26,5,31.28,156.4
2016-10-6,31.28,31.31,31.28,13,31.31,406.9
2016-10-7,31.31,31.31,31.3,6,31.3,187.81
2016-10-11,31.5,31.5,31.22,23,31.3,720.38
2016-10-12,31.03,31.38,31,64,31.35,1996.39
2016-10-13,31.45,31.45,31.13,15,31.2,467.86
2016-10-14,31.25,31.25,31.04,22,31.04,685.39
2016-10-17,30.8,30.8,30.8,3,30.8,92.4
2016-10-18,31.19,31.19,31.07,11,31.1,342.03
2016-10-19,31.18,31.28,31.18,19,31.28,593.84
2016-10-20,31.28,31.36,31.28,63,31.36,1972.86
2016-10-21,31.46,31.59,31.46,2,31.59,63.05
2016-10-24,31.46,31.59,31.42,71,31.59,2238.83
2016-10-25,31.62,32,31.5,52,32,1650.53
2016-10-26,32.1,32.1,31.59,30,31.59,948.31
2016-10-27,31.42,31.42,31.38,5,31.38,156.94
2016-10-28,31.35,31.36,31.34,7,31.36,219.43
2016-10-31,31,31.36,31,25,31.36,781.06
2016-11-1,31.23,31.23,31.22,3,31.22,93.67
2016-11-2,31.13,31.13,31.08,2,31.08,62.21
2016-11-3,30.89,30.89,30.58,37,30.58,1133.43
2016-11-4,29.37,30.65,29.37,6,30.65,178.78
2016-11-7,30.68,30.85,30.68,27,30.85,831.1
2016-11-8,30.1,31.06,30.1,6,30.95,184.97
2016-11-9,30.96,31.07,30.1,51,30.1,1555.17
2016-11-10,29.83,30.75,29.83,16.3,30.6,497.16
2016-11-11,29.82,29.88,29.7,9,29.86,268.53
2016-11-14,29.8,29.8,29.43,12,29.68,355.95
2016-11-15,28.67,29.68,28.67,24,29.56,700.24
2016-11-16,29.85,29.9,29.84,4,29.84,119.49
2016-11-17,29.85,29.86,29.84,6,29.86,179.08
2016-11-18,29.82,29.88,29.82,3,29.88,89.58
2016-11-21,29.75,29.83,29.75,6,29.83,178.66
2016-11-22,30.26,30.55,30.18,18.05,30.54,547.02
2016-11-23,29.54,29.72,29.54,3,29.72,88.8
2016-11-24,29.55,29.55,29.55,1,29.55,29.55
2016-11-25,29.55,29.55,29.32,3,29.32,88.42
2016-11-28,29.3,29.35,29.26,6.023,29.35,176.574
2016-11-29,29.35,29.66,29.35,16,29.59,471.63
2016-11-30,29.5,29.5,29.5,6,29.5,177
2016-12-2,29.25,29.25,29.19,6,29.21,175.35
2016-12-5,28.93,29.11,28.93,8,29.11,231.81
2016-12-6,29.3,29.57,29.3,8,29.5,235.94
2016-12-7,29.63,29.63,29.55,8,29.6,236.93
2016-12-8,29.61,29.72,29.61,17,29.72,504.1
2016-12-9,29.73,29.73,29.73,1,29.73,29.73
2016-12-12,29.81,29.88,29.81,9,29.82,268.49
2016-12-13,29.82,29.84,29.65,5,29.65,148.99
2016-12-14,29.91,29.91,29.88,3,29.88,89.67
2016-12-15,29.64,29.89,29.57,27,29.89,800.79
2016-12-16,29.88,29.88,29.71,8,29.71,237.87
2016-12-19,29.58,29.6,29.41,4,29.6,118
2016-12-20,29.29,29.45,29.29,5.01,29.33,147.15
2016-12-21,29.46,29.46,29.27,5,29.27,146.88
2016-12-22,29.2,29.2,29.11,3,29.11,87.51
2016-12-23,29.17,29.17,29.07,3,29.07,87.41
2016-12-26,29.28,29.28,28.95,12,29,348.26
2016-12-27,29.24,29.24,29.03,6,29.03,174.81
2016-12-28,29.22,29.26,29.22,45.022,29.26,1315.818
2016-12-29,29.44,29.44,29.23,3.157,29.23,92.436
2016-12-30,29.34,29.34,29.34,2,29.34,58.68
